no;state;year;price;pop;pop16;cpi;ndi;sales;pimin
1;1;63;28.6;3383;2236.5;30.6;1558.30453;93.9;26.1
2;1;64;29.8;3431;2276.7;31;1684.073203;95.4;27.5
3;1;65;29.8;3486;2327.5;31.5;1809.841875;98.5;28.9
4;1;66;31.5;3524;2369.7;32.4;1915.160357;96.4;29.5
5;1;67;31.6;3533;2393.7;33.4;2023.546368;95.5;29.6
6;1;68;35.6;3522;2405.2;34.8;2202.485536;88.4;32
7;1;69;36.6;3531;2411.9;36.7;2377.334667;90.1;32.8
8;1;70;39.6;3444;2394.6;38.8;2591.039159;89.8;34.3
9;1;71;42.7;3481;2443.5;40.5;2785.315971;95.4;35.8
10;1;72;42.3;3511;2484.7;41.8;3034.808297;101.1;37.4
11;1;73;42.1;3540;2526;44.4;3387.574086;102.9;37.3
12;1;74;43.1;3574;2573.9;49.3;3718.867175;108.2;41.4
13;1;75;46.6;3614;2623.7;53.8;4087.993117;111.7;43
14;1;76;50.4;3657;2677.4;56.9;4486.771835;116.2;46.4
15;1;77;50.1;3690;2719.6;60.6;4899.865687;117.1;48.8
16;1;78;55.1;3728;2764.6;65.2;5450.998326;123;53.6
17;1;79;56.8;3769;2810.7;72.6;5957.140545;121.4;56.5
18;1;80;60.6;3894;2898.9;82.4;6466.350293;123.2;59.3
19;1;81;68.8;3917;2924.7;90.9;7042.023161;119.6;62.6
20;1;82;73.1;3943;2953.5;96.5;7505.21998;119.1;67.8
21;1;83;84.4;3959;2977.5;99.6;7974.551856;116.3;78.6
22;1;84;90.8;3990;3009.1;103.9;8693.376058;113;86.8
23;1;85;99;4020;3039.8;107.6;9059.434471;114.5;90.7
24;1;86;103;4050;3072.4;109.6;9674.985211;116.3;98.8
25;1;87;110;4083;3104;113.6;10213.84774;114;103.5
26;1;88;114.4;4102;3124;118.3;10993;112.1;109.2
27;1;89;122.3;4118;3140;124;11634;105.6;121.5
28;1;90;139.1;4129.2;3148.6;130.7;12806;108.6;132.3
29;1;91;144.4;4178.3;3185.1;136.2;13360;107.9;137.4
30;1;92;172.2;4226.3;3226.7;140.3;14533;109.1;159.5
31;3;63;23.9;1517;982.4;30.6;1944.745058;125;24.9
32;3;64;24;1549;1005.6;31;2063.515998;121;25.5
33;3;65;24.2;1575;1024.9;31.5;2162.663914;123.2;25.3
34;3;66;29.6;1609;1051.9;32.4;2318.615324;113.9;25.5
35;3;67;29.2;1637;1078.9;33.4;2446.681382;117.1;26
36;3;68;31.3;1667;1106;34.8;2720.370941;115.6;32.3
37;3;69;36.1;1693;1117.5;36.7;2979.601429;113.8;33.3
38;3;70;37.1;1772;1226.6;38.8;3269.815641;115.2;34.6
39;3;71;38.5;1878;1313.5;40.5;3549.701945;109.6;36.6
40;3;72;38;1975;1393.6;41.8;3800.670107;125;37.2
41;3;73;38.7;2075;1476.5;44.4;4219.983168;128.3;36.5
42;3;74;39.2;2156;1547;49.3;4508.131798;133.1;37.8
43;3;75;47.7;2200;1591.4;53.8;4742.575308;121.8;40.5
44;3;76;49.1;2244;1635.8;56.9;5158.789996;122.3;43.4
45;3;77;48.7;2304;1690.8;60.6;5567.775149;121.7;44.7
46;3;78;53.6;2373;1750.6;65.2;6283.499166;124.7;49.5
47;3;79;58.6;2450;1812.4;72.6;7099.40389;124.6;53.7
48;3;80;60.8;2718;2044;82.4;7823.390234;126.8;57.2
49;3;81;63.3;2794;2103.8;90.9;8647.557285;113.8;62.7
50;3;82;73.3;2860;2153.1;96.5;8879.935212;113.5;68.1
51;3;83;80.5;2963;2231.2;99.6;9579.134577;111.1;79.6
52;3;84;92.8;3053;2300.7;103.9;10549.95792;107.1;90.2
53;3;85;98.8;3161;2384.7;107.6;11256.38682;107.1;97.5
54;3;86;106.7;3279;2483.1;109.6;11796.5364;107.9;101.2
55;3;87;113.5;3386;2569;113.6;12367.66971;106.1;103.9
56;3;88;113.5;3489;2638;118.3;13008;102.2;113.7
57;3;89;125.6;3556;2672;124;13625;96.8;126.4
58;3;90;130.2;3598.2;2703.7;130.7;13826;88.9;133.6
59;3;91;151.4;3681.7;2759.1;136.2;14232;81.2;146.9
60;3;92;165.7;3762.2;2804.8;140.3;15179;79;165.4
61;4;63;27;1907;1296.7;30.6;1480.333494;103.4;25.8
62;4;64;27.3;1939;1320.7;31;1610.079769;102.6;25.7
63;4;65;27.2;1941;1323.6;31.5;1710.198943;100.3;26.1
64;4;66;30.3;1963;1344.8;32.4;1883.87506;98.9;26.2
65;4;67;30.4;1972;1357.3;33.4;2004.426718;102.9;27.5
66;4;68;30.9;1983;1374.6;34.8;2143.367612;104;29.2
67;4;69;30.9;1995;1389;36.7;2286.395002;102.9;29.9
68;4;70;36.7;1923;1366.9;38.8;2493.784719;100.3;34.3
69;4;71;38.8;1961;1405.4;40.5;2710.369053;104.1;36.8
70;4;72;44.1;1999;1442.9;41.8;2950.450745;103.9;37.4
71;4;73;45.1;2030;1474.6;44.4;3410.181643;108;37.3
72;4;74;45.5;2063;1508.3;49.3;3807.593465;109.7;38
73;4;75;48.6;2112;1552.5;53.8;4057.891398;114.8;43
74;4;76;50.9;2113;1565.1;56.9;4362.335416;119.1;44.7
75;4;77;52.6;2143;1596.8;60.6;4859.86641;122.6;45.9
76;4;78;56.5;2167;1623.7;65.2;5467.732821;127.3;49.9
77;4;79;58.4;2180;1641;72.6;6015.323402;126.5;52.2
78;4;80;61.5;2286;1715.1;82.4;6278.902451;131.8;57.3
79;4;81;64.7;2296;1725.7;90.9;7101.309947;128.7;59.9
80;4;82;72.1;2291;1724.7;96.5;7390.429601;127.4;64.7
81;4;83;82;2328;1757.4;99.6;7886.938972;128;74.8
82;4;84;93.6;2349;1776.7;103.9;8546.908217;123.1;84.8
83;4;85;98.5;2359;1790.1;107.6;9134.342143;125.8;92.5
84;4;86;103.6;2371;1804.6;109.6;9550.1432;126;98.8
85;4;87;113;2388;1819;113.6;9886.257569;122.3;103.5
86;4;88;119.9;2395;1823;118.3;10630;121.5;112.1
87;4;89;127.7;2406;1831;124;11243;118.3;118.9
88;4;90;141.2;2411.1;1834.9;130.7;12370;113.1;129.1
89;4;91;146.5;2432.7;1851.2;136.2;12917;116.8;132.5
90;4;92;177.3;2460.4;1876.7;140.3;13879;126;153.1
91;5;63;25.3;17556;12072;30.6;2776.096562;142;23.9
92;5;64;25.5;18003;12384.3;31;2974.92948;138.3;24
93;5;65;25.3;18403;12673.3;31.5;3107.844963;140;24.2
94;5;66;25.5;18669;12898.5;32.4;3296.952359;136.8;29.6
95;5;67;26;18992;13181.8;33.4;3462.286253;135.8;29.2
96;5;68;35.4;19179;13370.3;34.8;3690.295741;124.3;31.3
97;5;69;36.6;19443;13681.6;36.7;3919.385842;123.9;33.3
98;5;70;38.8;19953;14317.6;38.8;4192.781105;123;37.1
99;5;71;39.7;20266;14670.5;40.5;4414.306911;121;38.5
100;5;72;39.9;20447;14938.3;41.8;4650.961308;123.5;38
101;5;73;39.9;20670;15243.7;44.4;5103.738443;124.4;38.7
102;5;74;41.9;20915;15566.6;49.3;5607.304421;126.7;39.2
103;5;75;45;21216;15933;53.8;6138.966355;127.1;44.5
104;5;76;48.3;21550;16318.7;56.9;6630.645582;128;44.9
105;5;77;49;21900;16697.6;60.6;7234.708633;126.4;48.7
106;5;78;58.7;22314;17117.2;65.2;8021.395397;126.1;53.6
107;5;79;60.1;22694;17481.6;72.6;8957.20685;121.9;57.1
108;5;80;62.1;23669;20853.4;82.4;9891.937689;120.2;60.8
109;5;81;66.4;24196;18670.6;90.9;10816.94301;118.6;63.3
110;5;82;72.8;24724;19064.1;96.5;11361.5723;115.4;71.6
111;5;83;84.9;25174;19419.8;99.6;12027.23033;110.8;80.5
112;5;84;94.9;25622;19776.5;103.9;13019.2337;104.8;92.8
113;5;85;98;26358;20215.4;107.6;13755.13162;102.8;98.8
114;5;86;104.4;27001;20695.9;109.6;14350.54976;99.7;106.6
115;5;87;103.9;27663;21156;113.6;15016.20779;97.5;113.5
116;5;88;117.4;28314;21591;118.3;16059;90.1;113.5
117;5;89;126.4;29063;22081;124;16779;82.4;125.6
118;5;90;163.8;29602.1;22490.6;130.7;17384;77.8;130.2
119;5;91;186.8;30218.8;22694;136.2;17705;68.7;151.4
120;5;92;201.9;30703.3;22920;140.3;18495;67.5;165.7
121;7;63;26.8;2716;1883.5;30.6;2913.680015;156.2;26.2
122;7;64;27.8;2784;1929.7;31;3104.144592;143.5;26.9
123;7;65;28.1;2830;1961.5;31.5;3249.668089;147;26.5
124;7;66;30.1;2886;2004.9;32.4;3493.633952;144.5;30
125;7;67;31.1;2918;2034.8;33.4;3763.280431;145.6;31
126;7;68;31.3;2961;2075.2;34.8;3897.033645;143.2;32.1
127;7;69;32.2;3000;2127.2;36.7;4135.649379;144.7;35
128;7;70;42.2;3032;2155.2;38.8;4482.33771;120;39.3
129;7;71;45.5;3063;2201.4;40.5;4715.603315;117.6;40.2
130;7;72;51.3;3074;2234.2;41.8;4948.868921;110.8;41.6
131;7;73;50.6;3076;2258.3;44.4;5496.722086;109.3;40.6
132;7;74;52.5;3085;2292.9;49.3;5949.342962;112.4;41.3
133;7;75;54.5;3097;2327.6;53.8;6407.313967;110.2;44.3
134;7;76;57.6;3101;2356.5;56.9;6838.534329;113.4;52.2
135;7;77;58.4;3107;2384.5;60.6;7505.160348;117.3;52.3
136;7;78;61.7;3116;2415.3;65.2;8309.819684;117.5;56.3
137;7;79;64.4;3115;2435.5;72.6;9295.313365;117.4;58.7
138;7;80;67;3108;2424;82.4;10384.59954;118;60
139;7;81;80.1;3134;2461.5;90.9;11470.67564;116.4;64.5
140;7;82;85.6;3153;2487.6;96.5;12380.19749;114.7;71.6
141;7;83;95.6;3138;2487.6;99.6;13485.53406;114.1;83.1
142;7;84;113.5;3154;2505.9;103.9;14927.92872;112.5;94.8
143;7;85;118.6;3175;2525.1;107.6;15685.50692;111;100.3
144;7;86;118.5;3193;2541.5;109.6;16486.95618;108.5;101.8
145;7;87;122.7;3211;2555;113.6;17762.42683;109;113.5
146;7;88;129.7;3233;2568;118.3;19559;104.8;121.5
147;7;89;142;3239;2564;124;20687;100.6;134.8
148;7;90;171.2;3242.9;2567.1;130.7;21447;91.5;150.9
149;7;91;169.5;3246.9;2555.4;136.2;21967;86.7;163.3
150;7;92;193.5;3237;2536.7;140.3;22891;83.6;175.9
151;8;63;26.8;480;317.7;30.6;2261.462369;165.8;26.8
152;8;64;27.1;494;326.3;31;2325.3401;170.9;28.5
153;8;65;27.2;503;332.1;31.5;2529.36748;170.8;27.9
154;8;66;31;514;343.6;32.4;2691.445306;161.3;28.2
155;8;67;30.7;524;353.2;33.4;2864.010521;158.2;29.4
156;8;68;32;533;359;34.8;3061.364108;164.8;30.9
157;8;69;32.2;540;362.8;36.7;3287.319666;175.5;30.7
158;8;70;39;584;378.2;38.8;3495.160642;155;32.6
159;8;71;41.3;563;392.6;40.5;3730.650189;161.1;34.2
160;8;72;44.7;570;403.1;41.8;4015.716482;156.3;34.3
161;8;73;44;573;409.9;44.4;4438.072228;154.7;35.3
162;8;74;44.2;576;416.6;49.3;4755.554087;151.3;35.8
163;8;75;45.9;579;424.3;53.8;5112.125304;147.6;39.5
164;8;76;50.1;582;431;56.9;5440.094551;153;46.1
165;8;77;51.7;582;434.8;60.6;5850.05611;153.3;49.2
166;8;78;58.7;584;440.6;65.2;6407.79451;155.5;52.1
167;8;79;60;582;441.5;72.6;7017.016455;150.2;56.2
168;8;80;62.7;595;454;82.4;7773.061843;150.5;58.1
169;8;81;66;598;458.8;90.9;8492.878069;152.6;62.8
170;8;82;74.1;602;463.6;96.5;9213.647694;154.1;65.4
171;8;83;82;606;469.4;99.6;10081.24076;149.6;74.9
172;8;84;91.1;613;476.1;103.9;10806.77738;144;84.2
173;8;85;98.7;622;481.8;107.6;11563.77617;144.5;90.1
174;8;86;105.2;633;492.4;109.6;12062.40383;142.4;93.3
175;8;87;111.4;644;502;113.6;12960.50567;141;100.3
176;8;88;119.3;660;513;118.3;14137;137.1;109.2
177;8;89;124;673;522;124;14949;131.7;120.2
178;8;90;140;681.2;528.3;130.7;16435;127.2;131.5
179;8;91;143.2;695.5;537.5;136.2;16732;118.8;141.6
180;8;92;174.7;704.7;543.6;140.3;18300;120;159.1
181;9;63;23.4;792;563.1;30.6;2733.226538;246.4;24.7
182;9;64;23.9;795;559.3;31;2894.00457;235.3;25.2
183;9;65;24.1;802;560.2;31.5;3068.44348;246.5;25.1
184;9;66;24.1;806;559.3;32.4;3215.560633;295.9;24.7
185;9;67;26.6;808;559.3;33.4;3479.320672;249.8;26.3
186;9;68;26.7;802;554.4;34.8;3752.538242;224.3;27.1
187;9;69;27.2;798;561.2;36.7;3907.011253;212.2;28.3
188;9;70;28.5;756;563.1;38.8;4202.296396;200.4;28.8
189;9;71;32.6;750;560.2;40.5;4600.563546;213;30.2
190;9;72;33.7;744;558.3;41.8;4964.153082;220.6;29.9
191;9;73;34.5;734;553.4;44.4;5310.929228;209.4;30.1
192;9;74;36;721;547.6;49.3;5894.143657;182.7;31.3
193;9;75;39.4;711;543.7;53.8;6587.69595;176.5;33.6
194;9;76;47.8;697;536.9;56.9;7003.827326;167.7;37.9
195;9;77;51.9;683;529.2;60.6;7770.938196;136.7;38.4
196;9;78;59.8;671;523.3;65.2;8369.915177;130.3;42.8
197;9;79;59.3;656;514.6;72.6;9306.210773;128.5;45.8
198;9;80;65.6;638;518.5;82.4;10605.04507;129.7;48.5
199;9;81;69;631;512.7;90.9;11612.79757;131.9;51.8
200;9;82;74.8;631;512.7;96.5;12167.6394;132;56.4
201;9;83;86.3;623;505.9;99.6;13222.67956;124.5;68.8
202;9;84;98.5;623;505.9;103.9;14479.48038;124.6;76
203;9;85;100.4;623;502.9;107.6;15439.94522;122.1;83.6
204;9;86;109.3;625;502.9;109.6;15675.33267;117.2;91.3
205;9;87;112.5;622;501;113.6;16632.645;113;94.6
206;9;88;119;617;494;118.3;18397;105.4;102.1
207;9;89;135.9;604;478;124;19937;101.1;109.4
208;9;90;145.7;587.5;465;130.7;19351;84.1;128.6
209;9;91;143.3;578.8;452;136.2;20231;82.2;136.5
210;9;92;187.4;570.1;447.4;140.3;22101;82.6;157.9
211;10;63;26.3;5532;3996.8;30.6;1980.686778;137.5;26.9
212;10;64;29.7;5654;4087.2;31;2122.916946;125.5;27.5
213;10;65;29.7;5796;4197.7;31.5;2261.986443;131.1;29.8
214;10;66;30;5914;4292.1;32.4;2430.555531;131.3;30.6
215;10;67;30.2;6035;4401.6;33.4;2599.124618;132.8;31.5
216;10;68;32;6210;4559.3;34.8;2861.460261;129.3;33.3
217;10;69;41.3;6354;4733.1;36.7;3131.170801;121.2;34.2
218;10;70;43.5;6789;5188.1;38.8;3444.07717;123.6;34.3
219;10;71;43.8;7101;5471.4;40.5;3693.77013;123;35.8
220;10;72;46.8;7407;5754.6;41.8;3978.230466;126;40.9
221;10;73;47.4;7757;6073.1;44.4;4483.937728;132.6;42.1
222;10;74;48.1;8087;6387.5;49.3;4813.701006;136;42.4
223;10;75;51.7;8253;6572.3;53.8;5129.768045;131.9;44.5
224;10;76;55.9;8348;6705.9;56.9;5436.353073;130.3;47.9
225;10;77;55.9;8481;6862.6;60.6;5965.238585;133.1;49.5
226;10;78;66.3;8661;7051.4;65.2;6677.44298;133.4;54.7
227;10;79;66.5;8860;7251.3;72.6;7425.468305;135.4;56.6
228;10;80;69.8;9749;8052.9;82.4;8227.225028;139;59.3
229;10;81;72.8;10183;8426.6;90.9;9132.230317;132.8;62.6
230;10;82;79;10416;8626.4;96.5;9545.224581;131.8;67.8
231;10;83;90.5;10680;8855.5;99.6;10352.24909;127.6;78.9
232;10;84;99.3;10976;9113.6;103.9;11091.84596;124.7;86.8
233;10;85;104.2;11053;9113.6;107.6;11764.0152;124.2;90.7
234;10;86;113.8;11373;9384.8;109.6;12378.23881;124.7;100.1
235;10;87;120.8;12023;9649;113.6;13193.69177;125.1;103.9
236;10;88;130.5;12335;9870;118.3;14144;119.5;109.2
237;10;89;139.8;12671;10113;124;15049;113.8;122.3
238;10;90;150.1;12971.8;10353.1;130.7;15859;110.1;132.3
239;10;91;174.8;13311.7;10561.6;136.2;16254;98.2;138.2
240;10;92;187;13523.2;10664.3;140.3;17246;95.9;159.5
241;11;63;26.9;4206;2768.4;30.6;1743.939455;108.3;26.1
242;11;64;27.5;4304;2840;31;1865.922179;107.6;26.5
243;11;65;30.9;4391;2903.9;31.5;2024.086219;103.5;26.2
244;11;66;30.6;4462;2965;32.4;2193.621531;104.8;26.2
245;11;67;31.5;4490;2996.5;33.4;2366.258098;106.7;27.3
246;11;68;33.3;4579;3077.6;34.8;2530.62465;105;29.5
247;11;69;34.2;4641;3113.9;36.7;2730.138767;108.6;29
248;11;70;34.3;4589;3159.7;38.8;2955.496681;109.9;32.5
249;11;71;35.8;4679;3243.7;40.5;3189.12461;115.7;34.3
250;11;72;40.9;4751;3314.3;41.8;3467.203871;117;34.1
251;11;73;42.4;4826;3392.5;44.4;3885.87339;119.8;33.5
252;11;74;42.4;4888;3463.1;49.3;4188.762697;123.7;35.2
253;11;75;44.5;4926;3519.4;53.8;4493.719507;122.9;38.1
254;11;76;47.9;4968;3581.5;56.9;4872.072703;125.9;41
255;11;77;49.5;5027;3652.1;60.6;5279.370951;127.9;42.2
256;11;78;54.7;5075;3711.3;65.2;5893.419579;130.6;49.2
257;11;79;56.6;5117;3764.7;72.6;6422.700552;131;50.2
258;11;80;59.3;5464;4036.7;82.4;7014.006638;134;52.3
259;11;81;62.6;5574;4133.1;90.9;7744.869231;131.7;54.7
260;11;82;67.8;5639;4197;96.5;8357.884108;131.2;61.9
261;11;83;78.9;5732;4283.8;99.6;9010.181556;128.6;72.4
262;11;84;86.8;5837;4382.1;103.9;9955.030793;126.3;81.3
263;11;85;90.7;5973;4486.1;107.6;10577.34944;128.8;83
264;11;86;100.1;6100;4595.9;109.6;11423.99224;129;88.7
265;11;87;103.9;6222;4698;113.6;12115.57226;129.3;95.3
266;11;88;109.2;6342;4778;118.3;12925;124.1;99.9
267;11;89;122.4;6436;4842;124;13464;117.1;111.9
268;11;90;132.3;6503.3;4892.6;130.7;14354;113.8;125.2
269;11;91;138.2;6648.8;4987.7;136.2;14694;109.6;129
270;11;92;159.5;6777.3;5088.7;140.3;15943;109.2;151.9
271;13;63;28;689;451.6;30.6;1938.813877;97;24.9
272;13;64;29.4;687;453.5;31;2021.60647;90.1;26.2
273;13;65;29.1;693;461.2;31.5;2302.47248;95.2;26.1
274;13;66;29.8;700;468.9;32.4;2314.000563;94.5;26.5
275;13;67;30.1;701;474.7;33.4;2445.0015;98.3;27.4
276;13;68;32;709;485.3;34.8;2559.234318;99.1;32.3
277;13;69;31.9;718;487.2;36.7;2813.900141;100.6;32.6
278;13;70;33.8;713;493;38.8;3058.085888;102.4;34
279;13;71;33.6;735;513.2;40.5;3245.679231;108.5;34.4
280;13;72;33.7;756;533.4;41.8;3615.625879;126.1;34.4
281;13;73;36.3;772;547.9;44.4;4165.829817;121.8;34.4
282;13;74;38;794;568.1;49.3;4643.721238;125.6;35.8
283;13;75;40.3;815;586.4;53.8;4804.066385;123.3;38.6
284;13;76;42.5;836;604.7;56.9;5161.436943;125.1;42.6
285;13;77;45.6;859;623;60.6;5555.487764;125;43.4
286;13;78;51.5;882;640.3;65.2;6217.828505;122.8;49.5
287;13;79;55.4;905;655.7;72.6;6672.66376;117.5;51.7
288;13;80;56.4;944;677.9;82.4;7348.628598;115.2;55.3
289;13;81;59.2;959;687.5;90.9;8047.649602;114.1;55.9
290;13;82;67.6;965;691.3;96.5;8138.826254;111.5;64.3
291;13;83;76.5;989;707.7;99.6;8744.57459;111.3;71
292;13;84;88.5;1001;717.3;103.9;9148.057478;103.6;81.7
293;13;85;97.6;1004;723.1;107.6;9493.899953;100.7;87.4
294;13;86;99.9;1002;726;109.6;9883.758744;96.7;97.8
295;13;87;107.1;998;726;113.6;10386.80234;95;102.7
296;13;88;121.9;1003;732;118.3;11177;84.5;112.9
297;13;89;133.6;1014;742;124;12041;78.4;118.6
298;13;90;141.3;1027.3;751.7;130.7;13318;90.1;129.5
299;13;91;144.4;1059.9;777.4;136.2;14079;85.4;127
300;13;92;167.2;1088.5;802.2;140.3;14572;85.1;155.1
301;14;63;25.4;10369;7115.8;30.6;2655.691087;145.5;24.1
302;14;64;25.6;10538;7225.6;31;2831.550804;144.5;25
303;14;65;26.2;10641;7307.5;31.5;3037.767258;145.5;24.5
304;14;66;30;10787;7425.9;32.4;3229.328736;144.2;24.7
305;14;67;30.1;10887;7521.3;33.4;3391.580261;141.8;25
306;14;68;35.6;10958;7608.9;34.8;3582.094954;132.6;26.3
307;14;69;35.2;11047;7738;36.7;3795.638897;130.4;27
308;14;70;41.4;11113;7860.3;38.8;4013.369975;124.8;28.3
309;14;71;41.4;11172;7963.3;40.5;4319.030912;125.6;30.1
310;14;72;41.9;11200;8054.8;41.8;4560.838023;126.6;30.6
311;14;73;41;11179;8110.6;44.4;5158.551705;124.4;30.6
312;14;74;41.9;11169;8177.1;49.3;5603.434918;131.9;31.5
313;14;75;45.2;11178;8255.1;53.8;6120.54623;131.8;33.3
314;14;76;48.4;11209;8342.7;56.9;6523.558082;134.4;36
315;14;77;49.4;11232;8417.9;60.6;7108.710355;134;36.9
316;14;78;54.6;11238;8472.7;65.2;7812.149224;136.7;41.4
317;14;79;56.8;11229;8505.5;72.6;8642.24896;135.3;43.4
318;14;80;60;11427;8673.1;82.4;9179.249168;135.2;46.3
319;14;81;63.1;11462;8714.5;90.9;10134.96299;133;49.4
320;14;82;69.6;11448;8716.4;96.5;10588.22047;130.7;56.3
321;14;83;80.8;11486;8759.7;99.6;11044.61831;127.9;66.4
322;14;84;89.6;11511;8799.2;103.9;12027.54852;124;75.4
323;14;85;96.7;11538;8832.9;107.6;12644.10431;121.6;79.3
324;14;86;108.4;11551;8864.7;109.6;13314.04609;118.2;85.4
325;14;87;116.2;11582;8909;113.6;13970.37968;109.5;90.5
326;14;88;124.1;11614;8961;118.3;15103;107.6;94.4
327;14;89;132.7;11658;9003;124;16060;104.6;103.8
328;14;90;147.3;11679.5;9019.6;130.7;17510;94.1;115.6
329;14;91;154.4;11793.9;9080.1;136.2;17908;96.1;120.5
330;14;92;179.8;11883.8;9138.5;140.3;18914;94.8;135.8
331;15;63;24.4;4780;3206.7;30.6;2204.326314;138.5;24.1
332;15;64;26;4832;3244.2;31;2344.611002;134.3;25
333;15;65;26;4893;3296.9;31.5;2562.25857;135.3;24.5
334;15;66;28.8;4973;3365.1;32.4;2702.543258;132.1;24.7
335;15;67;29.1;5012;3411.1;33.4;2784.032158;134.8;25
336;15;68;29.8;5065;3472.5;34.8;2970.734574;134.3;26.3
337;15;69;29.7;5118;3514.8;36.7;3194.571172;132.9;27
338;15;70;30.6;5193;3616.5;38.8;3304.942214;134.6;28.3
339;15;71;32.2;5239;3681.7;40.5;3570.039014;139.3;30.1
340;15;72;32.5;5278;3743.1;41.8;3812.442703;149.2;30.6
341;15;73;32.9;5304;3794.9;44.4;4427.219719;156;30.6
342;15;74;34.5;5318;3840;49.3;4611.859125;159.6;31.5
343;15;75;36.7;5312;3869.8;53.8;5024.461149;162.4;33.3
344;15;76;38.7;5326;3912;56.9;5521.646588;166.6;36
345;15;77;40.6;5352;3960;60.6;6012.642997;173;36.9
346;15;78;50;5387;4013.7;65.2;6663.52269;150.9;41.4
347;15;79;52.5;5400;4045.4;72.6;7358.757101;148.9;43.4
348;15;80;53.7;5490;4103.9;82.4;7760.012569;146.9;46.3
349;15;81;58.3;5468;4102;90.9;8407.797747;148.5;49.4
350;15;82;65.1;5471;4115.4;96.5;8612.035749;147.7;56.3
351;15;83;75.7;5479;4134.6;99.6;9060.740451;143;66.4
352;15;84;85.2;5498;4164.4;103.9;10077.80444;137.8;75.4
353;15;85;88.8;5500;4186.4;107.6;10502.78453;135.3;79.3
354;15;86;93.6;5503;4211.4;109.6;11140.25465;137.6;85.4
355;15;87;100.1;5531;4244;113.6;11803.51241;134;90.5
356;15;88;109.3;5556;4275;118.3;12638;134;94.4
357;15;89;119;5593;4301;124;13451;132.5;103.8
358;15;90;130.8;5613.2;4316.6;130.7;14441;128.3;115.6
359;15;91;135.8;5680.1;4373.5;136.2;14773;127.2;120.5
360;15;92;153.5;5732.7;4430.4;140.3;15882;128.2;135.8
361;16;63;26.4;2758;1880.7;30.6;2153.014454;114.9;25.4
362;16;64;27.9;2763;1889.4;31;2280.562704;109.7;25.6
363;16;65;28.1;2758;1897.1;31.5;2537.699975;116;26.1
364;16;66;31.6;2764;1912.5;32.4;2722.38984;108.2;26.2
365;16;67;32;2772;1930.8;33.4;2744.838332;113.7;27.5
366;16;68;36.3;2775;1950.1;34.8;2918.303952;109.2;29.2
367;16;69;36;2781;1963.6;36.7;3165.237363;107.9;29.9
368;16;70;37.7;2825;2000.2;38.8;3369.314563;108.5;33.9
369;16;71;38.5;2849;2036.8;40.5;3507.066672;108.4;34.7
370;16;72;41.9;2856;2062.8;41.8;3892.772579;109.4;37.7
371;16;73;41.9;2858;2084;44.4;4829.486925;110.6;37.7
372;16;74;43.2;2861;2108.1;49.3;4793.773415;116.1;38
373;16;75;45.4;2873;2137;53.8;5289.681009;120.5;42.8
374;16;76;47.8;2894;2172.7;56.9;5794.772078;124.4;44.7
375;16;77;49.4;2903;2195.8;60.6;6047.827805;125.5;45.9
376;16;78;54.6;2906;2213.1;65.2;7016.174117;127.1;49.9
377;16;79;56.4;2902;2219.9;72.6;7617.181469;124.2;52.2
378;16;80;58.8;2913;2213.1;82.4;7957.990392;124.6;57.3
379;16;81;61.4;2899;2206.4;90.9;8951.846353;132.9;59.9
380;16;82;72.8;2905;2212.2;96.5;9118.169271;116.2;64.7
381;16;83;84;2905;2216;99.6;9124.291587;115.6;74.8
382;16;84;93.3;2910;2218.9;103.9;10180.39109;111.2;84.8
383;16;85;99.5;2880;2209.3;107.6;10668.1356;109.4;92.3
384;16;86;104.8;2850;2195.8;109.6;11155.88011;104.1;101.9
385;16;87;117.1;2834;2190;113.6;11623.21689;101.1;108.5
386;16;88;124.2;2834;2203;118.3;12213;100.2;114.6
387;16;89;145.1;2840;2209;124;13138;94.4;118.9
388;16;90;149.6;2846.1;2213.8;130.7;14647;95.4;129.1
389;16;91;155.4;2864.6;2228.3;136.2;14873;97.1;132.5
390;16;92;178.5;2882;2238.7;140.3;16089;95.2;153.1
391;17;63;25.8;2261;1550.4;30.6;2148.667547;115.8;25.8
392;17;64;25.6;2237;1537.8;31;2316.59739;111.2;25.7
393;17;65;28.1;2248;1552.3;31.5;2488.699402;107.8;26.1
394;17;66;30.5;2275;1582.3;32.4;2639.940564;101.7;26.2
395;17;67;31;2281;1597.8;33.4;2768.234791;101.2;27.5
396;17;68;32.4;2291;1622;34.8;2945.552016;100.1;29.2
397;17;69;32.6;2321;1656.9;36.7;3163.547898;102.6;29.9
398;17;70;34.2;2249;1624.9;38.8;3411.792013;114;33.9
399;17;71;38.9;2247;1641.4;40.5;3717.403465;102.8;34.7
400;17;72;38.8;2259;1665.6;41.8;4125.233082;111;37.7
401;17;73;39.3;2269;1687.9;44.4;4790.694196;115.2;37.7
402;17;74;40.2;2275;1706.3;49.3;5095.262606;118.6;38
403;17;75;42.7;2287;1730.5;53.8;5498.920053;123.4;43.5
404;17;76;46.6;2309;1760.5;56.9;5587.578665;127.7;44.7
405;17;77;48.1;2331;1787.6;60.6;6407.410069;127.9;45.9
406;17;78;52.6;2347;1810.8;65.2;7177.175433;127.1;49.9
407;17;79;54.8;2369;1832.2;72.6;8258.810504;126.4;52.2
408;17;80;58.3;2363;1814.7;82.4;8365.200839;127.1;57.3
409;17;81;59.8;2383;1828.3;90.9;9461.438505;132;59.9
410;17;82;65.1;2408;1843.8;96.5;10019.46624;130.9;64.7
411;17;83;77;2425;1856.4;99.6;10400.17675;127.6;74.8
412;17;84;91;2438;1867;103.9;11277.3755;121.7;84.8
413;17;85;97.5;2449;1873.8;107.6;11843.74757;115.7;93.7
414;17;86;103;2459;1887.3;109.6;12517.55303;109.4;101.9
415;17;87;114.5;2476;1898;113.6;12827.33665;105.2;108.5
416;17;88;123.9;2495;1912;118.3;13425;103.2;114.6
417;17;89;136.5;2513;1920;124;14103;96.5;118.9
418;17;90;145.8;2518.1;1923.9;130.7;15398;94.3;129.1
419;17;91;145.7;2535.4;1932.1;136.2;15849;91.8;132.5
420;17;92;174.2;2563.8;1913;140.3;16982;90;153.1
421;18;63;24.1;3121;2106.7;30.6;1724.582118;126.3;24.4
422;18;64;25;3163;2142.2;31;1792.851203;127;25.2
423;18;65;24.5;3173;2157.6;31.5;1935.691135;128.7;25.1
424;18;66;24.7;3181;2176.8;32.4;2089.034003;134;24.7
425;18;67;25;3201;2207.5;33.4;2237.125403;139.3;26.3
426;18;68;26.3;3224;2242.1;34.8;2405.172381;142.8;27.1
427;18;69;27;3232;2256.5;36.7;2587.92347;146.3;28.3
428;18;70;28.3;3219;2270;38.8;2812.686304;155.8;28.8
429;18;71;30.1;3280;2330.5;40.5;3006.990623;163.5;30.2
430;18;72;30.6;3303;2360.3;41.8;3239.105512;179.4;29.9
431;18;73;30.6;3325;2396.8;44.4;3653.971491;201.9;30.1
432;18;74;31.5;3356;2440;49.3;4052.032771;212.4;31.3
433;18;75;33.3;3392;2484.2;53.8;4380.774673;223;33.6
434;18;76;36;3439;2537;56.9;4802.992707;230.9;37.9
435;18;77;36.9;3468;2574.5;60.6;5232.562796;229.4;38.4
436;18;78;41.4;3490;2603.3;65.2;5753.50843;224.7;42.8
437;18;79;43.4;3527;2641.7;72.6;6409.94194;214.9;45.8
438;18;80;46.3;3661;2737.8;82.4;6775.444118;215.3;48.5
439;18;81;49.4;3662;2745.5;90.9;7506.448475;209.7;51.8
440;18;82;56.3;3667;2757;96.5;7988.533245;210.6;56.4
441;18;83;66.4;3714;2800.2;99.6;8272.112521;201.1;68.8
442;18;84;75.4;3723;2812.7;103.9;9062.983614;183.2;76
443;18;85;79.3;3728;2829.1;107.6;9282.49498;182.4;83.6
444;18;86;85.4;3726;2841.6;109.6;9722.568005;179.8;91.3
445;18;87;90.5;3727;2855;113.6;10328.58742;171.2;94.6
446;18;88;94.4;3727;2867;118.3;11089;173.2;102.1
447;18;89;103.8;3727;2874;124;11873;171.6;109.4
448;18;90;115.6;3735.1;2880.3;130.7;12879;182.5;128.6
449;18;91;120.5;3763.5;2903.6;136.2;13338;170.8;132.5
450;18;92;135.8;3806.1;2942.1;140.3;14664;167.6;153.1
451;19;63;30.1;3410;2194;30.6;1675.937925;114;27
452;19;64;30.1;3493;2253.6;31;1782.57023;114;27.3
453;19;65;30.3;3560;2305.5;31.5;1910.327803;117.5;27.2
454;19;66;30;3624;2363.2;32.4;2054.180818;119.7;30.3
455;19;67;31.5;3663;2404.5;33.4;2236.260509;120;30.4
456;19;68;32.5;3710;2455.5;34.8;2413.310374;117.3;30.9
457;19;69;33.3;3745;2467;36.7;2511.894958;115.9;30.9
458;19;70;34.3;3643;2467;38.8;2709.064125;115.9;36.2
459;19;71;39.3;3696;2530.5;40.5;2877.060304;119.8;37.5
460;19;72;40;3737;2580.5;41.8;3075.235437;125.3;37.4
461;19;73;39.9;3753;2616;44.4;3410.221829;126.7;37.3
462;19;74;41.6;3774;2658.3;49.3;3855.864386;129.9;41.4
463;19;75;44.3;3829;2722.8;53.8;4252.214652;133.6;43
464;19;76;48.1;3883;2781.4;56.9;4694.839314;139.6;46.4
465;19;77;48.9;3935;2839.1;60.6;5161.60714;140;48.8
466;19;78;54.2;3978;2889.1;65.2;5786.311492;142.7;53.6
467;19;79;57.1;4018;2933.3;72.6;6416.045671;140.1;56.5
468;19;80;60;4204;3079.4;82.4;7284.193588;143.8;59.7
469;19;81;62.6;4308;3160.2;90.9;8164.413086;144;63
470;19;82;70.3;4362;3200.6;96.5;8669.407587;143.9;69.2
471;19;83;80.7;4438;3256.4;99.6;8984.274676;133.7;78.6
472;19;84;90.7;4462;3274.6;103.9;9465.126014;128.9;89
473;19;85;103;4485;3294.8;107.6;9747.802218;125;96.4
474;19;86;105.1;4499;3313.1;109.6;9902.72085;121.2;103.6
475;19;87;117.8;4461;3290;113.6;10098.88405;116.5;113
476;19;88;120.4;4408;3250;118.3;10793;110.9;119.9
477;19;89;130.7;4382;3239;124;11348;103.6;125.8
478;19;90;143.4;4348;3213.9;130.7;12764;101.5;139.9
479;19;91;149.6;4381;3239.6;136.2;13349;107.2;142.7
480;19;92;178.1;4417;3274.6;140.3;14163;108.5;160.8
481;20;63;26.7;985;669.7;30.6;1878.717928;138.4;24.2
482;20;64;26.8;984;668.7;31;2042.640059;137.4;24.7
483;20;65;27.2;986;671.6;31.5;2212.948766;139.1;24.7
484;20;66;29.6;985;673.5;32.4;2356.646738;135.1;25.9
485;20;67;30.3;982;674.5;33.4;2447.123239;136;26.5
486;20;68;32;978;676.4;34.8;2613.174228;135.6;29.9
487;20;69;33.4;978;680.2;36.7;2827.124542;135.2;29.9
488;20;70;38;993;697.5;38.8;3103.876191;128.5;31.4
489;20;71;38.8;1012;716.7;40.5;3280.571475;133.2;34.1
490;20;72;41.5;1028;734;41.8;3507.294942;136.5;36.1
491;20;73;41;1037;747.4;44.4;3870.265374;138;36.9
492;20;74;41.8;1048;760.8;49.3;4234.300236;142.1;37.9
493;20;75;46.7;1058;776.2;53.8;4492.956586;140.7;40.8
494;20;76;49.9;1072;792.5;56.9;5028.364584;144.9;43.9
495;20;77;50.9;1084;808.8;60.6;5440.29877;145.6;45
496;20;78;55;1092;819.3;65.2;5882.03698;143.9;49.7
497;20;79;54.5;1097;828.9;72.6;6445.120143;138.5;53.2
498;20;80;59;1125;851;82.4;7097.615378;141.2;55.3
499;20;81;62.9;1133;862.5;90.9;7850.166979;138.9;58.4
500;20;82;69.7;1133;864.4;96.5;8341.933371;139.5;67
501;20;83;80.8;1146;877.9;99.6;8962.495724;135.4;74.7
502;20;84;93.7;1156;890.3;103.9;9851.29429;135.5;90.5
503;20;85;98.1;1165;899.9;107.6;10501.66067;127.9;89.2
504;20;86;112.7;1172;908.6;109.6;11146.7049;119;100
505;20;87;121.2;1187;922;113.6;12056.79205;125;102
506;20;88;129;1205;940;118.3;13068;125;113.5
507;20;89;144.4;1222;953;124;14110;122.4;125.9
508;20;90;160.1;1230;959.2;130.7;14975;117.5;135.9
509;20;91;158.9;1237;963.3;136.2;15093;116.1;153.9
510;20;92;187.7;1237;968.3;140.3;16298;114.7;164.4
511;21;63;28.2;3351;2238;30.6;2312.306967;122.7;23.4
512;21;64;28.5;3442;2299.3;31;2483.396944;122.2;23.9
513;21;65;27.9;3534;2365.4;31.5;2629.601107;121;24.1
514;21;66;28.2;3608;2425.8;32.4;2780.989814;121;24.1
515;21;67;29.4;3680;2485.2;33.4;2967.633426;121.7;26.3
516;21;68;30.9;3716;2523.6;34.8;3140.797221;121.7;26.7
517;21;69;30.7;3765;2563.8;36.7;3384.470825;122.3;27.2
518;21;70;32.6;3922;2723.9;38.8;3702.801874;123.5;28.5
519;21;71;34.2;4011;2816.9;40.5;3968.250566;126.7;30.2
520;21;72;34.3;4062;2884;41.8;4212.961079;133.2;29.9
521;21;73;35.3;4082;2933.8;44.4;4684.754653;137.3;30.1
522;21;74;35.8;4099;2980.8;49.3;5073.595511;144.8;31.3
523;21;75;39.5;4115;3028.7;53.8;5543.315267;146.1;33.6
524;21;76;46.1;4123;3071.8;56.9;6029.625566;137.1;37.9
525;21;77;49.2;4138;3114.9;60.6;6435.056967;135.7;38.4
526;21;78;52.1;4148;3153.3;65.2;7184.74214;134.1;42.8
527;21;79;56.2;4148;3181.1;72.6;7917.836771;131.9;45.8
528;21;80;58.1;4216;3230.9;82.4;8888.383551;131.5;48.5
529;21;81;62.8;4263;3287.5;90.9;9726.205986;137.1;51.8
530;21;82;65.4;4265;3302.8;96.5;10426.11953;131.3;56.4
531;21;83;74.9;4304;3346.9;99.6;11464.06539;128.2;68.8
532;21;84;84.2;4349;3391.9;103.9;12555.93052;122.5;76
533;21;85;90.1;4391;3434.1;107.6;13494.33312;121.9;83.6
534;21;86;93.3;4461;3496.4;109.6;14247.12902;121.8;91.3
535;21;87;100.3;4535;3552;113.6;15111.91109;119.3;94.6
536;21;88;109.2;4622;3612;118.3;16491;115;102.1
537;21;89;120.2;4694;3658;124;17489;109;109.4
538;21;90;131.5;4747.6;3699.8;130.7;18172;102.8;128.6
539;21;91;141.6;4826.1;3737.4;136.2;18477;97.6;136.5
540;21;92;159.1;4871.8;3760.2;140.3;19746;91.7;157.9
541;22;63;28;5252;3669.4;30.6;2498.002294;142.2;24.2
542;22;64;28.4;5287;3686.8;31;2653.927192;138.7;24.7
543;22;65;28.4;5361;3740.8;31.5;2802.376238;136.5;24.7
544;22;66;31;5403;3779.3;32.4;2983.932625;131.6;25.9
545;22;67;33.6;5434;3812.1;33.4;3187.916566;130.2;26.5
546;22;68;35.1;5438;3839.1;34.8;3401.512316;128;29.9
547;22;69;35;5467;3914.3;36.7;3626.855832;129.7;29.9
548;22;70;39.6;5689;4076.2;38.8;3931.229775;124.3;31.4
549;22;71;41;5741;4151.4;40.5;4199.292441;121.4;34.1
550;22;72;46;5767;4211.1;41.8;4442.791596;117.9;36.1
551;22;73;46;5793;4274.8;44.4;4861.439266;121.2;36.9
552;22;74;46.3;5789;4313.3;49.3;5272.611084;124.3;37.9
553;22;75;49.4;5778;4350.9;53.8;5721.162159;126.1;40.8
554;22;76;57.4;5769;4389.5;56.9;6115.246317;116.9;43.9
555;22;77;57.3;5768;4432.8;60.6;6611.856436;118.9;45
556;22;78;61.8;5771;4477.2;65.2;7274.00326;120.5;49.7
557;22;79;64.5;5769;4513.8;72.6;8027.996257;118.2;53.2
558;22;80;68.2;5737;4493.6;82.4;8940.050109;120.5;55.3
559;22;81;70.8;5773;4552.3;90.9;9837.152258;123.2;58.4
560;22;82;78.1;5781;4577.4;96.5;10820.76069;122.3;66.8
561;22;83;88.7;5767;4585.1;99.6;11715.72688;119.8;74.7
562;22;84;101.4;5798;4627.5;103.9;13018.66095;116;90.5
563;22;85;108.3;5823;4663.2;107.6;13860.22821;117.2;89.2
564;22;86;115;5834;4679.6;109.6;14869.46812;115.8;100
565;22;87;120.4;5855;4695;113.6;16086.9639;113.8;102
566;22;88;131.6;5889;4722;118.3;17690;111.7;113.5
567;22;89;148.6;5913;4726;124;18636;104.4;125.9
568;22;90;152.4;5913;4726;130.7;19051;99.4;135.9
569;22;91;163.3;5893.3;4678.8;136.2;19385;93.5;150.1
570;22;92;175.9;5895.3;4668;140.3;20822;90.5;164.4
571;23;63;28.8;8036;5265.5;30.6;2251.000643;126.7;24.4
572;23;64;29.3;8161;5362.8;31;2462.530846;125;26
573;23;65;28.7;8317;5494.4;31.5;2675.058832;131.8;26
574;23;66;29.2;8496;5646.1;32.4;2845.679891;134.5;26.3
575;23;67;30;8608;5758.7;33.4;2906.544714;134.4;27
576;23;68;32;8673;5849.3;34.8;3126.057188;134.2;29.8
577;23;69;31.9;8766;5892.2;36.7;3303.662735;133.4;29.7
578;23;70;33.7;8875;6064.9;38.8;3415.41454;128.6;30.6
579;23;71;39.2;8965;6198.4;40.5;3710.758596;126.1;32.2
580;23;72;40;9015;6301.4;41.8;4008.09822;131.4;32.5
581;23;73;40.2;9060;6398.7;44.4;4496.014583;133.7;32.9
582;23;74;41.1;9096;6488.4;49.3;4812.312102;138.8;34.5
583;23;75;44.4;9092;6553.3;53.8;5141.580814;136.8;36.7
584;23;76;47.9;9100;6621.9;56.9;5686.370863;138;38.7
585;23;77;48.3;9138;6704.9;60.6;6325.95039;140.3;40.6
586;23;78;54;9181;6787.9;65.2;7044.35485;141.8;50
587;23;79;57.2;9207;6849;72.6;7732.825792;140.9;52.5
588;23;80;60.3;9262;6880.4;82.4;8329.500608;140.7;53.7
589;23;81;61.8;9204;6871.9;90.9;9004.002574;139.5;58.3
590;23;82;68;9109;6828;96.5;9337.262421;137.3;65.1
591;23;83;87.7;9069;6828;99.6;10002.78433;128.3;75.7
592;23;84;97;9075;6864.2;103.9;11039.48188;128.2;85.2
593;23;85;101.4;9085;6913.8;107.6;11760.87969;126.6;88.8
594;23;86;106;9139;6992;109.6;12501.2354;126.5;93.6
595;23;87;111.4;9200;7055;113.6;13064.98334;122.1;100.1
596;23;88;122.2;9240;7090;118.3;13957.00222;121.1;108.4
597;23;89;133;9273;7108;124;14757;116.6;119
598;23;90;143.9;9315.1;7140.3;130.7;15560;114.4;130.8
599;23;91;144.9;9388.2;7183.5;136.2;15938;110.3;135.8
600;23;92;176.7;9457.4;7226.7;140.3;17154;107.6;153.5
601;24;63;28.7;3507;2314.2;30.6;2067.250905;112.6;26.4
602;24;64;30.1;3529;2333.4;31;2157.08798;104.7;27.9
603;24;65;30.2;3562;2367.9;31.5;2360.718682;109.2;28.1
604;24;66;30.3;3585;2398.6;32.4;2527.416365;110.7;30.2
605;24;67;30.9;3625;2444.7;33.4;2669.159305;114.4;30.5
606;24;68;32.7;3663;2493.6;34.8;2876.782766;113.7;32.3
607;24;69;32.8;3700;2516.7;36.7;3071.429761;112.3;32.3
608;24;70;39.1;3805;2624.1;38.8;3331.957277;104.3;37.3
609;24;71;40.1;3853;2690.3;40.5;3524.607893;116.4;38.5
610;24;72;45.2;3870;2734.5;41.8;3757.186097;96.8;38.9
611;24;73;45.6;3891;2783.4;44.4;4514.812093;106.8;39.4
612;24;74;47;3907;2829.4;49.3;4644.576756;110.6;39.9
613;24;75;49.4;3937;2885.1;53.8;4962.999276;111.5;42.6
614;24;76;52.1;3970;2941.7;56.9;5312.365677;116.7;45
615;24;77;53.1;3996;2989.7;60.6;6025.073135;117.2;46.4
616;24;78;57.9;4024;3033.8;65.2;6668.905503;118.9;53.2
617;24;79;60.9;4060;3078.9;72.6;7378.618393;118.3;54.1
618;24;80;63;4077;3079.9;82.4;8054.392831;117.7;58.8
619;24;81;65.8;4094;3101.9;90.9;8895.866763;120.8;61.4
620;24;82;71.7;4133;3130.7;96.5;9376.994207;119.4;67.8
621;24;83;87.3;4144;3143.2;99.6;9884.074584;113.2;77.9
622;24;84;99.2;4162;3166.2;103.9;11105.8588;110.8;89.8
623;24;85;101.5;4190;3196.9;107.6;11676.82332;113;92.3
624;24;86;116.3;4213;3224.7;109.6;12407.49819;104.3;104.2
625;24;87;120.1;4246;3266;113.6;12961.49348;108.8;110.3
626;24;88;141.7;4307;3312;118.3;13785;94.1;123.3
627;24;89;152.5;4353;3339;124;14771;92.3;130.1
628;24;90;162.3;4390.1;3367.5;130.7;15553;90.7;138.9
629;24;91;173.9;4447.3;3406;136.2;15869;86.2;150.3
630;24;92;197.7;4495.5;3440.5;140.3;17255;83.8;160
631;25;63;30.5;2291;1460.9;30.6;1322.572978;83.9;26.1
632;25;64;30.4;2304;1472.4;31;1383.369475;86.1;27.3
633;25;65;31.4;2309;1483.8;31.5;1496.989158;83.5;27.2
634;25;66;31.8;2339;1516.1;32.4;1616.588824;86.9;29.5
635;25;67;31.6;2344;1530.4;33.4;1760.108424;88.1;29.6
636;25;68;33.9;2349;1547.5;34.8;1919.574646;89;30.9
637;25;69;34.8;2360;1541.8;36.7;2069.074229;91;30.9
638;25;70;36.2;2216;1490.4;38.8;2243.490409;93.4;34.3
639;25;71;37.5;2253;1529.4;40.5;2441.826522;105.4;38.8
640;25;72;37.4;2286;1563.7;41.8;2681.025855;112.1;40
641;25;73;37.3;2319;1598.9;44.4;3042.814846;115;39.9
642;25;74;41.4;2338;1623.6;49.3;3302.94412;117.1;41.6
643;25;75;43;2350;1642.6;53.8;3530.183486;116.8;44.3
644;25;76;46.4;2371;1668.3;56.9;3878.019183;120.9;48.1
645;25;77;48.8;2390;1691.1;60.6;4343.461218;122.1;48.9
646;25;78;53.6;2409;1712;65.2;4773.023353;124.9;54.2
647;25;79;56.5;2429;1732;72.6;5257.402002;123.9;56.8
648;25;80;59.7;2521;1791;82.4;5676.000834;127;60
649;25;81;63;2531;1824.3;90.9;6301.905755;125.3;62.6
650;25;82;69.2;2551;1841.4;96.5;6824.157631;125.8;68.3
651;25;83;78.6;2587;1872.8;99.6;7118.173478;122.3;79.1
652;25;84;89;2598;1887.1;103.9;7659.361968;116.4;88.3
653;25;85;96.4;2613;1900.4;107.6;7968.327773;115.3;92.5
654;25;86;106;2624;1917.5;109.6;8390.913261;113.2;98.8
655;25;87;115.8;2625;1927;113.6;8827.452043;110;103.5
656;25;88;122.6;2620;1931;118.3;9560;109;112.1
657;25;89;125.8;2621;1939;124;10102;108.3;121.5
658;25;90;139.9;2620;1938.2;130.7;11054;101.8;135
659;25;91;142.7;2639.3;1952.4;136.2;11528;105.6;137.4
660;25;92;160.8;2661.7;1978.8;140.3;13006;103.9;163.9
661;26;63;25.8;4412;3064.2;30.6;2180.054671;133.2;24.1
662;26;64;25.7;4471;3103.8;31;2313.114649;130;25
663;26;65;26.1;4492;3125.9;31.5;2486.624859;130.2;24.5
664;26;66;26.2;4567;3191.5;32.4;2623.942756;139.3;24.7
665;26;67;27.5;4587;3218.5;33.4;2772.969931;138.3;25
666;26;68;29.2;4610;3258;34.8;3018.864769;137.3;26.3
667;26;69;29.9;4651;3325.5;36.7;3128.506191;137.2;27
668;26;70;36;4677;3352.5;38.8;3389.303747;121.3;28.3
669;26;71;36.8;4717;3413.2;40.5;3624.553787;127.6;30.1
670;26;72;37.7;4745;3458.5;41.8;3848.094549;130;30.6
671;26;73;37.7;4763;3501.9;44.4;4351.593504;132.1;30.6
672;26;74;38;4771;3542.3;49.3;4610.2621;135.4;31.5
673;26;75;43.5;4779;3578;53.8;5041.376427;135.6;33.3
674;26;76;44.7;4804;3628.1;56.9;5443.749799;139.5;36
675;26;77;45.9;4823;3667.6;60.6;6035.600579;140.8;36.9
676;26;78;49.9;4847;3707.2;65.2;6645.547516;141.8;41.4
677;26;79;52.2;4867;3739.9;72.6;7398.134748;140.2;43.4
678;26;80;57.3;4917;3764;82.4;7856.925551;142.1;46.3
679;26;81;59.9;4941;3788.1;90.9;8681.897411;140.5;49.4
680;26;82;64.7;4951;3797.8;96.5;9133.236855;139.7;56.3
681;26;83;74.8;4970;3817.1;99.6;9800.665702;134.1;66.4
682;26;84;84.8;5008;3850.8;103.9;10675.66811;130;75.4
683;26;85;93.7;5034;3881.6;107.6;11363.32208;129.2;79.3
684;26;86;101.9;5064;3914.4;109.6;11942.3991;128.8;85.4
685;26;87;108.5;5103;3952;113.6;12519.34716;128.7;90.5
686;26;88;114.6;5141;3984;118.3;13240;127.4;94.4
687;26;89;118.9;5159;3998;124;14008;122.8;103.8
688;26;90;129.1;5180.3;4014.5;130.7;14956;119.1;115.6
689;26;91;132.5;5221.8;4031.8;136.2;15331;119.9;120.5
690;26;92;153.1;5257.2;4062.4;140.3;16742;122.3;135.8
691;27;63;30.5;701;461.6;30.6;2079.78323;118.9;26.2
692;27;64;30.8;703;465.5;31;2136.721049;112.8;26.2
693;27;65;31;703;467.4;31.5;2292.006009;118;26.1
694;27;66;30.9;703;471.2;32.4;2446.255736;114.9;26.5
695;27;67;31.3;699;472.2;33.4;2514.581118;118;27.4
696;27;68;32.4;696;475.1;34.8;2639.844319;116.1;32
697;27;69;32.6;694;471.2;36.7;2789.953114;117.4;31.9
698;27;70;34;694;482.8;38.8;3091.205936;111.2;33.8
699;27;71;34.7;710;501.1;40.5;3224.751002;115.6;33.6
700;27;72;40.1;718;511.7;41.8;3686.464949;122.2;33.7
701;27;73;40.9;726;523.3;44.4;4281.723962;119.9;34.4
702;27;74;41.8;735;534.8;49.3;4548.814093;121.9;35.8
703;27;75;43.7;747;548.3;53.8;4888.370539;123.7;38.6
704;27;76;45.3;756;559.9;56.9;5151.319738;124.9;42.5
705;27;77;47.6;768;572.4;60.6;5470.171522;127;43.4
706;27;78;51.9;780;584.9;65.2;6344.943463;127.2;49.8
707;27;79;53.7;786;591.7;72.6;6767.318554;120.3;51.7
708;27;80;56.7;787;590.7;82.4;7466.100874;122;55.3
709;27;81;60.4;793;593.6;90.9;8322.23862;121.1;55.9
710;27;82;65.7;801;599.4;96.5;8779.811635;122.4;64.3
711;27;83;77.2;817;611;99.6;8956.836489;113.7;71
712;27;84;91.3;824;616.7;103.9;9446.50173;110.1;81.7
713;27;85;95.5;825;618.7;107.6;9765.353514;103.6;87.4
714;27;86;102;817;614.8;109.6;10476.55863;97.8;97.8
715;27;87;106.2;809;610;113.6;10846.13684;91.7;102.7
716;27;88;115.3;805;608;118.3;11371;87.1;112.9
717;27;89;123;806;610;124;12390;86.2;118.6
718;27;90;140.4;805;609.2;130.7;13318;84.7;129.5
719;27;91;143.6;814.1;618.4;136.2;14079;82.9;127
720;27;92;163.5;830.2;632.6;140.3;15490;86.6;155.1
721;28;63;25.8;1468;1002.9;30.6;2055.095514;118.5;25.8
722;28;64;27.5;1471;1005.8;31;2135.925229;106.3;25.6
723;28;65;27.6;1459;1001;31.5;2395.59069;110.5;26.1
724;28;66;29.6;1442;993.2;32.4;2588.571635;106.1;26.2
725;28;67;31.4;1443;1000;33.4;2670.411722;110;27.4
726;28;68;33.2;1453;1016.5;34.8;2801.76001;109.5;29.2
727;28;69;32.9;1449;1018.4;36.7;3106.892185;108.4;29.9
728;28;70;33.9;1483;1059.1;38.8;3295.831645;108.1;34.1
729;28;71;34.7;1505;1084.3;40.5;3540.341534;108.6;34.4
730;28;72;41.1;1520;1104.7;41.8;3919.230825;104.9;34.4
731;28;73;41.2;1531;1123.1;44.4;4689.133864;106.6;34.4
732;28;74;42;1541;1141.5;49.3;4679.03015;110.5;35.8
733;28;75;44.6;1546;1155;53.8;5349.916787;114.1;38.6
734;28;76;46.8;1555;1171.5;56.9;5448.933189;118.1;42.6
735;28;77;48.1;1561;1184.1;60.6;5813.677279;117.7;43.4
736;28;78;53.6;1569;1197.7;65.2;6579.538833;117.4;49.8
737;28;79;55.4;1574;1205.4;72.6;7449.468645;116.1;51.7
738;28;80;59.5;1570;1194.8;82.4;7640.428847;116.3;55.3
739;28;81;60.9;1577;1199.6;90.9;8947.849494;117;55.9
740;28;82;69.7;1586;1205.4;96.5;9097.384467;117.1;64.3
741;28;83;83.7;1597;1212.2;99.6;9525.781959;110.8;71
742;28;84;94.8;1606;1220.9;103.9;10599.8068;107.7;81.7
743;28;85;95.8;1604;1221.9;107.6;11166.62518;105.1;87.4
744;28;86;104;1598;1220;109.6;11542.48336;103.1;97.8
745;28;87;113.7;1594;1219;113.6;11983.00531;101.3;102.7
746;28;88;123.3;1602;1227;118.3;12567;92.9;112.9
747;28;89;139.3;1611;1232;124;13268;93.8;118.6
748;28;90;143.4;1614.1;1234.3;130.7;15153;89.9;129.1
749;28;91;152.2;1629.4;1244.7;136.2;15466;92.4;127
750;28;92;169.5;1642.7;1255.1;140.3;16992;90.6;153.1
751;29;63;29.9;391;263.2;30.6;2836.836824;212.7;23.9
752;29;64;29.5;418;280.6;31;2919.303011;206.3;24
753;29;65;29.7;434;289.3;31.5;3016.063336;192.7;24.2
754;29;66;29.9;435;287.3;32.4;3160.104276;184;25.5
755;29;67;30.2;436;287.3;33.4;3332.733493;175.8;26
756;29;68;32.8;449;296;34.8;3639.507708;189.7;31.3
757;29;69;33.3;457;302.8;36.7;3897.90176;198.6;31.9
758;29;70;38.9;488;341.3;38.8;4377.305192;189.5;33.8
759;29;71;44;514;361.6;40.5;4597.215023;190.5;33.6
760;29;72;40.6;535;380.9;41.8;4786.337478;198.6;33.7
761;29;73;40.3;551;395.3;44.4;5256.944517;201.5;36.3
762;29;74;41.9;573;414.6;49.3;5525.234511;204.7;37.8
763;29;75;44.5;590;431;53.8;6103.597368;205.2;40.3
764;29;76;44.9;610;450.3;56.9;6572.005308;201.4;42.5
765;29;77;49.3;634;472.5;60.6;7269.119474;190.8;44.7
766;29;78;54.3;666;500.4;65.2;8207.034904;187;49.5
767;29;79;57.1;702;530.3;72.6;9016.303083;183.3;53.7
768;29;80;63.1;799;616.2;82.4;9886.046466;177.7;56.4
769;29;81;63.3;845;651.8;90.9;10682.12006;171.9;59.2
770;29;82;71.6;881;680.8;96.5;10913.02538;165.1;67.6
771;29;83;81.9;891;689.4;99.6;11571.65532;159.2;76.5
772;29;84;99.8;911;706.8;103.9;12056.5565;136.6;88.5
773;29;85;109.3;940;729;107.6;12701.99186;146.7;97.6
774;29;86;106.6;967;751.1;109.6;13280.35471;142.6;99.9
775;29;87;114;1007;782;113.6;13991.76302;147.7;103.9
776;29;88;129.6;1054;816;118.3;15121;141.9;113.5
777;29;89;145.6;1111;860;124;16295;137.9;125.6
778;29;90;173.7;1174.5;909.2;130.7;16142;137.3;130.2
779;29;91;186.3;1254.6;965.6;136.2;16382;115.5;144.4
780;29;92;193.8;1296.7;993.9;140.3;17711;110;165.7
781;30;63;24.2;646;446.2;30.6;2320.244472;221.4;26.7
782;30;64;24.7;659;454.9;31;2487.418759;223.9;26.8
783;30;65;24.7;673;465.5;31.5;2632.153545;233.8;27.2
784;30;66;25.9;676;468.4;32.4;2845.328811;287.6;29.6
785;30;67;26.5;691;480;33.4;3025.966799;297.9;30.3
786;30;68;29.9;703;489.6;34.8;3259.337617;264;32
787;30;69;29.9;717;505;36.7;3493.830409;248.5;33.4
788;30;70;31.4;737;517.6;38.8;3659.882721;265.7;37.7
789;30;71;34.1;759;537.8;40.5;3880.911813;278;38.8
790;30;72;36.1;775;554.2;41.8;4114.28263;296.2;40
791;30;73;36.9;793;571.5;44.4;4600.097841;279;39.8
792;30;74;37.9;805;586.9;49.3;4961.373818;269.8;41.3
793;30;75;40.8;815;599.5;53.8;5317.039919;269.1;41.8
794;30;76;43.9;829;615.9;56.9;5830.904507;290.5;47.1
795;30;77;45;850;638;60.6;6362.720697;278.8;47
796;30;78;49.7;869;658.3;65.2;7041.515622;269.6;52.5
797;30;79;53.2;887;676.6;72.6;7863.923358;254.6;54.5
798;30;80;55.3;921;702.6;82.4;8721.112321;247.8;58.9
799;30;81;58.4;936;719;90.9;9604.106712;245.4;61
800;30;82;67;951;733.4;96.5;10404.07495;239.8;66.8
801;30;83;74.7;959;742.1;99.6;11282.58144;232.9;77
802;30;84;90.5;977;760.4;103.9;12609.87796;215.1;90.6
803;30;85;89.2;998;778.7;107.6;13589.36221;201.1;95.5
804;30;86;100;1027;802.8;109.6;14550.89485;195.9;104.9
805;30;87;102;1057;825;113.6;15902.87483;195.1;113.8
806;30;88;113.5;1085;843;118.3;17201;180.4;123.7
807;30;89;125.9;1107;858;124;17829;172.9;129.7
808;30;90;135.9;1111;861.1;130.7;18475;152.4;143.7
809;30;91;153.9;1107;855.1;136.2;18710;144.8;150.1
810;30;92;164.4;1113;965.5;140.3;20889;143.7;168
811;31;63;28.8;6542;4606.4;30.6;2856.511682;141.4;26.2
812;31;64;30;6680;4702.4;31;3057.566158;135.6;26.9
813;31;65;30;6781;4773.3;31.5;3219.068934;138;26.5
814;31;66;30.1;6911;4877.1;32.4;3436.603285;144.9;29.8
815;31;67;34.2;6981;4945;33.4;3633.263128;131.1;30.1
816;31;68;34.5;7070;5037.2;34.8;3909.026371;130.2;32
817;31;69;38.6;7148;5163.3;36.7;4139.744622;121.2;32.2
818;31;70;41;7168;5153.6;38.8;4505.597849;120.7;38.4
819;31;71;41.7;7273;5275.8;40.5;4830.800717;125.1;41.3
820;31;72;42.1;7322;5359.2;41.8;5094.478719;128.4;42.7
821;31;73;48.9;7316;5402.9;44.4;5593.269604;120.2;44
822;31;74;50.2;7312;5450.4;49.3;6039.32489;121.4;44.2
823;31;75;52.8;7313;5503.8;53.8;6568.87821;122.3;45.9
824;31;76;53.6;7312;5554.3;56.9;7036.906662;122.4;50.1
825;31;77;56.9;7306;5596.9;60.6;7551.078765;122.8;51.7
826;31;78;61.9;7316;5649.3;65.2;8326.731552;123.9;57.4
827;31;79;63.5;7332;5702.7;72.6;9119.962873;123.8;60
828;31;80;66.4;7364;6708.8;82.4;10118.6433;124.3;61.3
829;31;81;68.7;7404;5804.6;90.9;11177.74994;127.9;64.8
830;31;82;76.2;7438;5852.1;96.5;12130.28672;126.3;69.8
831;31;83;92.1;7468;5898.7;99.6;13182.80141;121.3;81.7
832;31;84;101.1;7515;5957.8;103.9;14383.63498;117.8;91.1
833;31;85;104.7;7568;6014.1;107.6;15321.8892;116.9;98.7
834;31;86;114.5;7625;6075.2;109.6;16133.79771;115.5;104.9
835;31;87;119.6;7672;6083;113.6;17317.05274;111.6;110
836;31;88;131.8;7721;6119;118.3;18998;107.8;112.3
837;31;89;139.5;7736;6112;124;20218;103;122.8
838;31;90;149.3;7740;6115.2;130.7;21328;98.6;133.7
839;31;91;180.4;7770;6100.2;136.2;21884;86.7;143.2
840;31;92;191.1;7799.1;6104.2;140.3;23074;86.6;174.7
841;32;63;30.1;990;609.3;30.6;1834.691787;92.5;23.9
842;32;64;30.2;1008;621.9;31;1931.03405;89.9;24
843;32;65;30.2;1014;629.6;31.5;2031.565107;96.3;24.2
844;32;66;30.4;1009;628.6;32.4;2156.181729;96.5;29.6
845;32;67;31.5;1002;629.6;33.4;2254.618389;95.5;29.2
846;32;68;33.7;994;632.5;34.8;2433.689334;99.9;31.2
847;32;69;37.9;994;619;36.7;2563.541949;87;33.3
848;32;70;39.7;1016;675.9;38.8;2785.548033;90;34.6
849;32;71;41.7;1050;708.7;40.5;3026.40369;92.6;36.6
850;32;72;41.1;1073;732.8;41.8;3286.10892;99.3;37.2
851;32;73;41.8;1097;758.8;44.4;3605.504465;98.9;36.5
852;32;74;43.7;1120;782.9;49.3;3928.041605;100.3;37.8
853;32;75;46.3;1146;810.9;53.8;4432.791286;103.1;40.5
854;32;76;49.5;1172;837.9;56.9;4847.481896;102.4;43.4
855;32;77;51.6;1195;862.9;60.6;5266.361299;102.4;44.7
856;32;78;56;1215;882.2;65.2;5920.860367;103.1;49.5
857;32;79;57.6;1241;905.3;72.6;6555.462663;101;53.7
858;32;80;62.6;1303;951.6;82.4;7168.073791;102.7;57.2
859;32;81;63;1328;971.9;90.9;7683.295457;103;62.7
860;32;82;69.4;1359;994;96.5;8046.673339;97.5;68.1
861;32;83;79.6;1399;1023.9;99.6;8546.187028;96.3;80.5
862;32;84;90.2;1424;1042.3;103.9;8896.998528;88.9;92.8
863;32;85;97.5;1450;1061.5;107.6;9619.565499;88;95.1
864;32;86;101.2;1479;1085.6;109.6;9889.742714;88.2;103.5
865;32;87;110.2;1500;1103;113.6;10162.01433;82.3;108.6
866;32;88;113.7;1507;1105;118.3;10672;77.7;113.5
867;32;89;127.2;1528;1120;124;11302;74.4;125.6
868;32;90;133.6;1539.2;1128.2;130.7;12398;70.8;130.2
869;32;91;146.9;1572.7;1150.5;136.2;12961;69.9;149.1
870;32;92;165.4;1606.2;1174.8;140.3;13709;71.4;165.7
871;33;63;26.2;17691;12524.7;30.6;2636.631396;146.9;26.8
872;33;64;26.9;17894;12652.7;31;2827.206024;141.2;27.8
873;33;65;26.5;18106;12803.7;31.5;2964.377872;138.5;28.1
874;33;66;34.6;17968;12708.5;32.4;3141.340027;122.4;29.8
875;33;67;34.7;18023;12774.8;33.4;3310.972389;123.2;30.1
876;33;68;34.5;18186;12935.5;34.8;3583.221858;124.9;31.3
877;33;69;38.6;18321;13267.4;36.7;3790.550299;122.4;32.2
878;33;70;40.7;18241;13177;38.8;4119.343889;119;37.7
879;33;71;41.7;18361;13348.3;40.5;4394.734698;123.3;39.5
880;33;72;42.7;18350;13445.4;41.8;4599.968913;119.9;40
881;33;73;45.8;18196;13441.6;44.4;4977.97683;118.7;39.8
882;33;74;47.4;18078;13465.6;49.3;5387.398146;121.6;41.3
883;33;75;51.5;18041;13550.3;53.8;5828.232864;123.9;41.8
884;33;76;54.2;17987;13618.6;56.9;6193.67542;124.6;47.1
885;33;77;53.8;17869;13628.2;60.6;6644.981271;125.5;47
886;33;78;59.5;17746;13628.2;65.2;7338.170303;126.4;52.5
887;33;79;61.1;17648;13640.7;72.6;8053.348716;124.4;54.8
888;33;80;64.4;17557;13594.6;82.4;8929.782584;127.6;58.9
889;33;81;65.9;17602;13694.6;90.9;9901.503765;130.1;61
890;33;82;72.5;17659;13773.5;96.5;10556.99672;128.5;66.8
891;33;83;83.1;17667;13825.5;99.6;11476.36223;124.6;77
892;33;84;100.8;17735;13896.7;103.9;12574.78413;119.3;90.6
893;33;85;106.2;17762;13946.7;107.6;13192.581;115.9;95.5
894;33;86;111.2;17795;13936.1;109.6;14042.83703;114;104.9
895;33;87;117;17825;14015;113.6;14908.79977;108.9;110
896;33;88;125.9;17909;14072;118.3;16269;106.2;112.3
897;33;89;136.7;17950;14071;124;17293;100.1;122.8
898;33;90;167.4;17957;14076.5;130.7;18178;93.7;133.7
899;33;91;180.4;18024.9;14032.8;136.2;18631;86.4;144.1
900;33;92;198.5;18085.8;14037.8;140.3;20021;82.4;168
901;35;63;27.1;645;425.5;30.6;1850.038709;103.3;26.6
902;35;64;28.5;650;430.4;31;1841.375676;102;28.5
903;35;65;28.6;652;434.2;31.5;2184.046738;103.2;28.3
904;35;66;30.2;642;431.3;32.4;2218.698868;99.5;30.3
905;35;67;30.5;632;428.4;33.4;2297.628719;96.3;30.9
906;35;68;32.3;624;428.4;34.8;2430.461883;97;32.4
907;35;69;32.3;615;419.7;36.7;2672.064233;96.9;32.4
908;35;70;37.3;617;431.3;38.8;2748.106406;93.8;34
909;35;71;38.9;627;444.9;40.5;3167.782201;98.5;34.7
910;35;72;38.9;631;453.6;41.8;3774.194473;103.8;39.1
911;35;73;39.4;633;460.4;44.4;5650.222279;108.7;39.6
912;35;74;39.9;635;466.2;49.3;5191.081559;110.5;40.4
913;35;75;42.6;640;475;53.8;5211.295301;117.9;42.8
914;35;76;45.9;647;483.7;56.9;4987.981575;125.4;45
915;35;77;47.4;651;490.5;60.6;5169.905257;122.2;46.4
916;35;78;53.2;653;494.3;65.2;6271.072938;121.9;51.9
917;35;79;55;657;499.2;72.6;6778.341616;121.3;53.7
918;35;80;59.6;653;492.4;82.4;6896.736393;123.7;56.7
919;35;81;62;658;495.3;90.9;8365.601673;125.7;60.4
920;35;82;67.8;670;504;96.5;8818.004479;126.8;65.7
921;35;83;77.9;680;509.8;99.6;9423.454192;119.6;77.2
922;35;84;94.4;686;514.7;103.9;10345.58587;109.4;89.8
923;35;85;100.6;685;513.7;107.6;10608.36452;103.2;92.3
924;35;86;104.2;679;510.8;109.6;11053.06685;99.8;102
925;35;87;110.3;672;505;113.6;11364.93602;92.3;106.2
926;35;88;123.3;667;503;118.3;11389;87.1;115.3
927;35;89;135.9;660;499;124;11937;84.1;123
928;35;90;144.3;652.8;493.6;130.7;13416;77.1;138.9
929;35;91;159.8;648.8;491.5;136.2;14157;85.2;143.6
930;35;92;168.3;649.8;494.6;140.3;15297;74.4;160
931;36;63;26.3;10020;6725.1;30.6;2242.886017;130.4;24.1
932;36;64;26.4;10124;6810.4;31;2408.686661;129.4;25
933;36;65;26.4;10241;6920.7;31.5;2568.384214;134.8;24.5
934;36;66;26.3;10397;7058.7;32.4;2759.614405;135.5;24.7
935;36;67;27;10488;7163.2;33.4;2861.332592;136.4;25
936;36;68;30.8;10610;7306;34.8;3083.078239;129.8;26.3
937;36;69;31.5;10740;7424.9;36.7;3295.669249;128.8;27
938;36;70;36.6;10652;7441.1;38.8;3476.727621;121.6;28.3
939;36;71;38.1;10721;7567.7;40.5;3699.49045;124.6;30.1
940;36;72;38.4;10725;7647.2;41.8;3928.35637;124.4;30.6
941;36;73;42;10738;7730.6;44.4;4381.002301;120.5;30.6
942;36;74;42.9;10730;7797.7;49.3;4774.651684;122.1;31.5
943;36;75;46;10727;7867.7;53.8;5111.338882;122.5;33.3
944;36;76;48.5;10703;7916.6;56.9;5601.620542;124.6;36
945;36;77;49.8;10715;7984.6;60.6;6149.881568;127.3;36.9
946;36;78;53.9;10732;8050.8;65.2;6804.94669;131.3;41.4
947;36;79;56.3;10731;8089.1;72.6;7502.733451;130.9;43.4
948;36;80;58.7;10797;8133.2;82.4;8130.334663;133.5;46.3
949;36;81;61.4;10781;8144.7;90.9;8789.468513;132.8;49.4
950;36;82;68.3;10791;8171.6;96.5;9259.406535;134;56.3
951;36;83;82.5;10746;8166.8;99.6;9800.547289;130;66.4
952;36;84;89.2;10752;8185;103.9;10736.35461;127.1;75.4
953;36;85;92.2;10745;8215.6;107.6;11247.99709;126.7;79.3
954;36;86;98.1;10748;8255.9;109.6;11814.56739;126.3;85.4
955;36;87;102.2;10784;8300;113.6;12360.79405;124.6;90.5
956;36;88;108.4;10855;8375;118.3;13261;122.4;94.4
957;36;89;120.5;10907;8407;124;13994;118.6;103.8
958;36;90;135.4;10925.1;8421;130.7;15025;115.5;115.6
959;36;91;139.8;11017.8;8492.6;136.2;15396;113.2;120.5
960;36;92;159.6;11095.3;8569.2;140.3;16359;112.3;135.8
961;37;63;28.4;2450;1723.2;30.6;1789.568525;113.4;25.8
962;37;64;28.8;2461;1733.9;31;1929.506247;111.5;25.6
963;37;65;28.8;2448;1731;31.5;2085.78706;115.6;26.1
964;37;66;30.4;2478;1762.1;32.4;2201.210144;115.9;26.2
965;37;67;30.7;2516;1803;33.4;2362.598173;117.9;27.5
966;37;68;31.2;2542;1833.2;34.8;2548.500839;113;29.2
967;37;69;36.9;2568;1871.2;36.7;2701.717322;108.7;29.9
968;37;70;38.4;2559;1871.2;38.8;2959.121014;108.4;34.2
969;37;71;39.8;2607;1919.9;40.5;3130.723476;115.4;36.8
970;37;72;39.8;2639;1955;41.8;3315.604699;121.7;37.7
971;37;73;40.4;2667;1990.1;44.4;3819.176207;124.1;37.7
972;37;74;41;2697;2026.1;49.3;4160.338244;130.5;38
973;37;75;43.6;2728;2061.2;53.8;4616.923364;132.9;42.7
974;37;76;46.4;2771;2107.9;56.9;5047.972404;138.6;44.7
975;37;77;47.9;2805;2143;60.6;5551.543912;140.4;45.9
976;37;78;53.1;2843;2179;65.2;6248.168189;143.6;49.9
977;37;79;55.5;2892;2221.9;72.6;7113.330599;141.6;52.2
978;37;80;62.9;3025;2316.4;82.4;7889.627447;141.6;57.3
979;37;81;65.8;3100;2370;90.9;8826.290882;143.7;59.8
980;37;82;71.7;3177;2424.5;96.5;9376.848779;147;64.7
981;37;83;83.9;3298;2508.3;99.6;9553.558456;140;74.8
982;37;84;93.3;3298;2510.2;103.9;10029.551;128.1;84.8
983;37;85;95.1;3316;2507.3;107.6;9973.37162;124.2;93.7
984;37;86;104.6;3306;2509.2;109.6;10159.27429;119.9;101.2
985;37;87;114.4;3272;2481;113.6;10359.47716;113.1;108.5
986;37;88;122.6;3242;2458;118.3;10956;103.6;113.7
987;37;89;133.4;3224;2464;124;11591;97.5;118.9
988;37;90;146.1;3219.9;2460.9;130.7;12579;88.4;129.1
989;37;91;149.1;3249.6;2483.4;136.2;12951;87.8;132.5
990;37;92;170.6;3287.5;2511.2;140.3;14344;86.3;153.1
991;39;63;26.8;11408;7991.7;30.6;2188.364861;128.3;26.2
992;39;64;29.7;11505;8068.8;31;2344.455127;117.4;26.4
993;39;65;29.8;11583;8149.8;31.5;2484.006028;120.4;26.4
994;39;66;29.8;11657;8238.5;32.4;2655.60195;122.9;26.3
995;39;67;30.1;11672;8294.4;33.4;2837.534975;125.5;27
996;39;68;36.4;11750;8412.9;34.8;3033.939946;117.1;30.8
997;39;69;36.5;11803;8563.3;36.7;3255.153966;114.7;30.7
998;39;70;38.4;11793;8525.7;38.8;3494.974773;107.3;32.6
999;39;71;44.7;11864;8658.7;40.5;3701.716848;106.3;34.2
1000;39;72;44.7;11871;8742.6;41.8;3929.13313;109;34.3
1001;39;73;44.9;11840;8800.4;44.4;4359.156645;110.7;35.3
1002;39;74;46.6;11807;8853.4;49.3;4777.809347;114.2;35.8
1003;39;75;49.8;11829;8945;53.8;5227.473359;114.6;39.5
1004;39;76;52.3;11807;8999.9;56.9;5680.238503;118.8;46.1
1005;39;77;53.3;11791;9052;60.6;6157.812695;120.1;48.9
1006;39;78;57.4;11763;9091.5;65.2;6741.859056;122.3;52.1
1007;39;79;60.6;11731;9118.5;72.6;7483.029394;122.6;56.2
1008;39;80;61.3;11864;9230.3;82.4;8231.435705;124;58.1
1009;39;81;64.8;11871;9275.6;90.9;9035.662375;125.2;61.4
1010;39;82;69.8;11865;9292;96.5;9616.607605;123.3;65.4
1011;39;83;81.7;11895;9341.2;99.6;10151.03587;125.3;74.9
1012;39;84;97.7;11901;9367.2;103.9;10842.58811;115.3;84.2
1013;39;85;100.1;11864;9370.1;107.6;11532.07293;115.8;90.1
1014;39;86;104.9;11894;9412.5;109.6;12193.64757;113.9;93.3
1015;39;87;110;11936;9452;113.6;12911.04257;100.6;100.3
1016;39;88;112.3;12001;9507;118.3;13891;107.6;108.4
1017;39;89;122.8;12040;9525;124;14811;107.1;120.2
1018;39;90;133.7;12056.2;9537.8;130.7;16136;101.3;131.5
1019;39;91;144.1;12136.4;9579.5;136.2;16609;102.5;139.8
1020;39;92;176.2;12185.1;9612;140.3;17658;96.2;158.2
1021;40;63;27;877;615.5;30.6;2227.727018;144.6;26.8
1022;40;64;27.3;884;621.3;31;2363.677072;140.3;27.8
1023;40;65;29.8;891;629;31.5;2514.046071;133.2;28.1
1024;40;66;30;898;635.8;32.4;2708.70183;140.2;30.1
1025;40;67;31;901;637.7;33.4;2905.417438;144.5;31.1
1026;40;68;32.1;908;648.3;34.8;3077.414855;142.9;31.3
1027;40;69;38.4;911;658.9;36.7;3265.891066;117.8;32.2
1028;40;70;39.3;949;689.7;38.8;3505.863509;123.9;39.6
1029;40;71;40.2;960;701.3;40.5;3659.322282;123.2;41
1030;40;72;41.6;969;713.8;41.8;3906.504198;134.4;46
1031;40;73;40.6;967;718.6;44.4;4212.391819;142;46
1032;40;74;41.3;940;700.3;49.3;4598.613563;146.1;46.3
1033;40;75;44.3;930;699.3;53.8;5066.199354;154.7;49.4
1034;40;76;52.2;931;707;56.9;5481.258988;150.2;57.4
1035;40;77;52.3;933;714.8;60.6;5987.981916;148.8;57.3
1036;40;78;56.3;932;719.6;65.2;6546.201076;146.8;61.7
1037;40;79;58.7;929;723.4;72.6;7211.5324;145.8;64.4
1038;40;80;60;947;741.7;82.4;8033.412271;149.3;67
1039;40;81;64.5;953;751.4;90.9;8821.304629;151.2;70.8
1040;40;82;71.6;958;757.1;96.5;9456.768138;146.3;78.1
1041;40;83;84;955;758.1;99.6;10332.20409;135.8;88.7
1042;40;84;94.8;962;763.9;103.9;11243.68741;136.9;101.4
1043;40;85;100.3;967;770.6;107.6;11830.74446;133.4;108.3
1044;40;86;101.8;975;778.3;109.6;12449.72917;136.3;115
1045;40;87;113.5;986;787;113.6;13229.38213;124.4;120.4
1046;40;88;121.5;993;791;118.3;14352;138;129.7
1047;40;89;134.8;998;793;124;15189;120.8;142
1048;40;90;150.9;1000;794.6;130.7;15870;101.4;152.4
1049;40;91;170.3;1001;790.6;136.2;16024;103.6;163.3
1050;40;92;190;1002;787.6;140.3;17863;100.1;175.9
1051;41;63;27.3;2498;1608.3;30.6;1498.147853;88.2;26.9
1052;41;64;26.5;2528;1638.8;31;1619.314027;89.7;27.5
1053;41;65;26.2;2550;1663.6;31.5;1769.231495;90.1;30.9
1054;41;66;26.2;2607;1718;32.4;1946.873427;93.4;30.6
1055;41;67;27.3;2638;1750.5;33.4;2086.522576;95.1;31.5
1056;41;68;29.5;2669;1792.5;34.8;2269.298668;95.7;33.3
1057;41;69;29;2692;1788.7;36.7;2466.450407;104.2;34.2
1058;41;70;32.5;2590;1774.3;38.8;2688.246114;103.6;34.3
1059;41;71;34.3;2642;1828.7;40.5;2863.834382;115;35.8
1060;41;72;34.1;2682;1870.7;41.8;3087.683753;118.7;40.9
1061;41;73;33.5;2723;1911.8;44.4;3473.772576;125.5;42.4
1062;41;74;35.2;2774;1965.2;49.3;3823.92228;129.7;42.4
1063;41;75;38.1;2813;2010.1;53.8;4115.542561;130.5;44.5
1064;41;76;41;2838;2043.5;56.9;4468.772761;136.8;47.9
1065;41;77;42.2;2868;2079.8;60.6;4848.700592;137.2;49.5
1066;41;78;49.2;2902;2118.9;65.2;5327.204293;140.4;54.7
1067;41;79;50.2;2932;2151.4;72.6;5820.083642;135.7;56.6
1068;41;80;52.3;3122;2308.8;82.4;6345.821614;138.3;59.3
1069;41;81;54.7;3167;2351.8;90.9;6978.350111;136.1;62.6
1070;41;82;61.9;3203;2383.3;96.5;7441.451332;136;67.8
1071;41;83;72.4;3264;2437.7;99.6;8005.182087;131.1;78.9
1072;41;84;81.3;3300;2477.8;103.9;8794.815877;127;86.8
1073;41;85;83;3334;2515;107.6;9215.816987;125.4;90.7
1074;41;86;88.7;3381;2558;109.6;9728.206144;126.6;100.1
1075;41;87;95.3;3425;2599;113.6;10317.6077;126.6;103.9
1076;41;88;99.9;3470;2636;118.3;11098;124.4;109.2
1077;41;89;111.9;3512;2667;124;11665;122.4;122.4
1078;41;90;125.2;3542.5;2690.1;130.7;12880;118.6;132.3
1079;41;91;129;3616.6;2744.6;136.2;13166;121.5;138.2
1080;41;92;151.9;3660.3;2780.8;140.3;14318;121.9;159.5
1081;42;63;26.6;707;470.7;30.6;1780.950762;106;25.8
1082;42;64;28.5;700;467.8;31;1785.93105;99.4;26.2
1083;42;65;28.3;686;460.9;31.5;2051.878395;98.7;26.1
1084;42;66;30.5;680;459;32.4;2241.129315;98.8;26.5
1085;42;67;31.3;668;455.1;33.4;2310.853338;99.6;27.4
1086;42;68;32.7;665;459;34.8;2460.261959;100.4;32.3
1087;42;69;32.4;659;453.1;36.7;2609.67058;102.5;32.3
1088;42;70;38.5;666;470.7;38.8;2819.838707;92.7;33.9
1089;42;71;38.5;671;481.4;40.5;3083.793937;96.7;34.4
1090;42;72;39.1;677;491.1;41.8;3536.00403;103;34.4
1091;42;73;39.6;679;497;44.4;4566.923515;103.5;34.4
1092;42;74;40.4;680;502.8;49.3;4404.566147;108.4;35.8
1093;42;75;42.8;682;507.7;53.8;4611.746101;113.5;38.6
1094;42;76;45;687;516.5;56.9;4516.124584;116.7;42.6
1095;42;77;46.4;690;521.4;60.6;5246.234712;115.6;43.4
1096;42;78;53.2;690;524.3;65.2;5945.467058;116.9;49.8
1097;42;79;54.1;689;524.3;72.6;6671.592956;117.4;51.7
1098;42;80;58.8;691;523.3;82.4;6793.111968;114.7;55.3
1099;42;81;62.3;686;518.4;90.9;7773.232522;115.7;55.9
1100;42;82;68;691;521.4;96.5;8012.286315;113;64.3
1101;42;83;78.8;700;525.3;99.6;8478.441213;109.8;71
1102;42;84;89.8;706;530.1;103.9;9333.058525;105.7;81.7
1103;42;85;92.3;708;532.1;107.6;9821.126687;104.4;87.4
1104;42;86;108.5;708;534;109.6;10482.50885;97;97.8
1105;42;87;113.7;709;535;113.6;10974.56124;95.8;102.7
1106;42;88;124.7;713;538;118.3;11369;91.9;112.9
1107;42;89;130.1;715;539;124;12335;87.4;118.6
1108;42;90;138.9;714;538.2;130.7;14308;88.3;129.5
1109;42;91;150.3;721.2;544.5;136.2;14831;91.8;127
1110;42;92;160;729.4;549.7;140.3;15082;93;155.1
1111;43;63;26.1;3742;2548;30.6;1676.95896;110.3;24.1
1112;43;64;29;3805;2598.9;31;1797.189809;105.5;25
1113;43;65;28.9;3850;2639.2;31.5;1940.421341;108.1;24.5
1114;43;66;29.5;3878;2674.7;32.4;2107.699042;109.9;24.7
1115;43;67;29.6;3936;2730.4;33.4;2239.430233;111.5;25
1116;43;68;32.6;3952;2763.9;34.8;2448.52736;109.2;26.3
1117;43;69;32.8;3985;2808.1;36.7;2626.259918;107.3;27
1118;43;70;39.9;3924;2788.9;38.8;2825.947674;99.8;28.3
1119;43;71;41.6;3991;2859;40.5;3058.045486;106.3;30.1
1120;43;72;41.6;4054;2923.3;41.8;3350.781464;111.5;29.9
1121;43;73;40.8;4089;2972.2;44.4;3753.293434;109.7;30.1
1122;43;74;42.5;4137;3030.7;49.3;4088.894323;114.8;31.3
1123;43;75;45.3;4180;3085.4;53.8;4397.312586;117.4;33.3
1124;43;76;48.3;4233;3147.8;56.9;4805.051984;121.7;36
1125;43;77;49.6;4289;3212.1;60.6;5222.200752;124.6;36.9
1126;43;78;54.8;4333;3261.1;65.2;5800.354309;127.3;41.4
1127;43;79;57.3;4380;3317.7;72.6;6399.417579;127.2;43.4
1128;43;80;60.3;4591;3476;82.4;6868.840629;130.4;46.3
1129;43;81;63.7;4612;3503.9;90.9;7577.679891;129.1;49.4
1130;43;82;68.3;4651;3545.1;96.5;8047.102941;131.4;56.3
1131;43;83;79.1;4685;3582.6;99.6;8501.889193;129;66.4
1132;43;84;88.3;4717;3621.9;103.9;9367.5513;125.1;75.4
1133;43;85;92.5;4766;3668.9;107.6;9810.837209;128.7;79.3
1134;43;86;98.8;4800;3709.3;109.6;10592.86047;129;85.4
1135;43;87;103.5;4855;3763;113.6;11367.56532;130.6;90.5
1136;43;88;112.1;4895;3798;118.3;12228;125.3;94.4
1137;43;89;121.5;4940;3832;124;12854;124.7;103.8
1138;43;90;135;4963.4;3850.2;130.7;13857;121.8;115.6
1139;43;91;137.4;5040.8;3912;136.2;14328;120.6;120.5
1140;43;92;163.9;5113;3967.7;140.3;15820;121;135.8
1141;44;63;29.5;10257;6807.7;30.6;1896.926481;113.4;27
1142;44;64;29.7;10401;6910.9;31;2043.878778;110.7;27.3
1143;44;65;29.5;10591;7067.3;31.5;2179.447447;120.5;27.2
1144;44;66;33.8;10714;7190.8;32.4;2331.57412;106.1;30
1145;44;67;34.4;10858;7333.6;33.4;2530.270184;109;30.4
1146;44;68;34.9;11013;7495.8;34.8;2721.72212;108.4;30.9
1147;44;69;34.4;11187;7606.7;36.7;2928.697186;111.3;30.9
1148;44;70;40.4;11196;7817.1;38.8;3185.346268;106.4;34.3
1149;44;71;42;11445;8056.5;40.5;3350.926321;108.9;38.8
1150;44;72;46.9;11644;8261.1;41.8;3570.319891;108.6;39.8
1151;44;73;46.4;11853;8474.4;44.4;4029.804538;110.4;39.9
1152;44;74;47.5;12049;8682.8;49.3;4427.196665;114.7;41
1153;44;75;50.6;12293;8926;53.8;4954.983084;116;43.6
1154;44;76;53.3;12571;9194.3;56.9;5447.583741;121.4;46.4
1155;44;77;53.3;12801;9419.2;60.6;5970.195783;124.2;47.9
1156;44;78;59.1;13047;9646;65.2;6739.108154;126.6;53.1
1157;44;79;62.2;13380;9924.9;72.6;7525.613405;126.4;55.5
1158;44;80;63.7;14228;10564.7;82.4;8363.862423;129.7;60
1159;44;81;66.9;14766;10960.4;90.9;9404.947006;129;62.6
1160;44;82;73.8;15280;11331.9;96.5;9983.442315;131.2;69.4
1161;44;83;84.1;15724;11655.2;99.6;10367.38106;126.4;79.6
1162;44;84;93.8;15989;11856.9;103.9;11138.36318;117.2;90.2
1163;44;85;102.1;16389;12077;107.6;11755.14888;115.9;95.1
1164;44;86;105.5;16689;12300.9;109.6;11910.38018;113.7;101.2
1165;44;87;114.4;16789;12353;113.6;12184.62214;105.8;110.2
1166;44;88;128;16841;12390;118.3;12908;96.5;113.7
1167;44;89;137;16991;12545;124;13687;94.5;127.2
1168;44;90;145.7;17173;12679.4;130.7;14590;85.6;133.6
1169;44;91;173.6;17538.9;12913.8;136.2;15187;79.6;146.5
1170;44;92;186;17849.3;13123.2;140.3;15965;77.2;165.4
1171;45;63;24.9;973;592;30.6;2060.705706;72;23.9
1172;45;64;29.4;977;594.8;31;2181.171171;62.3;24
1173;45;65;29.7;994;609.9;31.5;2282.447447;65;24.2
1174;45;66;30.8;1010;624.9;32.4;2365.600601;65.7;26.5
1175;45;67;31.5;1022;637.1;33.4;2454.084084;64.3;27.4
1176;45;68;32.3;1031;649.4;34.8;2573.483484;64.3;31.3
1177;45;69;33.3;1045;644.7;36.7;2706.741742;65.6;31.9
1178;45;70;34.6;1059;686.9;38.8;2975.39039;65.5;33.8
1179;45;71;36.6;1094;716.1;40.5;3192.867868;67.7;33.6
1180;45;72;37.2;1123;740.5;41.8;3449.78979;71.3;33.7
1181;45;73;36.5;1152;764.9;44.4;3757.882883;72.7;34.4
1182;45;74;37.8;1177;784.7;49.3;4094.75976;75.6;35.8
1183;45;75;40.5;1206;806.3;53.8;4488.138138;75.8;38.6
1184;45;76;43.4;1239;828.8;56.9;4868.723724;77.9;42.5
1185;45;77;44.7;1276;852.3;60.6;5311.141141;78;43.4
1186;45;78;49.5;1317;875.8;65.2;5899.60961;79.6;49.8
1187;45;79;53.7;1367;904;72.6;6426.246246;79.1;51.7
1188;45;80;57.2;1461;961.3;82.4;6981.666667;74.8;55.3
1189;45;81;62.7;1518;991.4;90.9;7545.615616;77.6;55.9
1190;45;82;68.1;1554;1009.3;96.5;7796.141141;73.6;64.3
1191;45;83;82;1619;1045.9;99.6;8251.351351;69;71
1192;45;84;95.3;1652;1065.7;103.9;8831.291291;66.3;81.7
1193;45;85;104.6;1644;1081.6;107.6;9230;66.5;87.4
1194;45;86;103.5;1664;1099.5;109.6;9647.897898;64.4;97.8
1195;45;87;108.6;1680;1107;113.6;10035.94595;67.7;102.7
1196;45;88;122.9;1690;1116;118.3;10650;55;112.9
1197;45;89;135.6;1707;1131;124;11425;57;118.6
1198;45;90;151.9;1724;1142.3;130.7;12012;53.4;129.5
1199;45;91;167.1;1771;1178.9;136.2;12492;53.5;127
1200;45;92;170.1;1814.1;1214.5;140.3;13355;55;155.1
1201;46;63;28.2;397;269.5;30.6;2042.502678;133.5;24.2
1202;46;64;29.3;399;272.4;31;2188.80076;129.1;24.7
1203;46;65;29.4;404;276.3;31.5;2400.876274;122.9;24.7
1204;46;66;32.5;410;282;32.4;2634.499568;130.4;25.9
1205;46;67;31.8;420;289.8;33.4;2786.468118;127.4;26.5
1206;46;68;33.9;429;298.5;34.8;2990.604977;128.8;29.9
1207;46;69;34.2;439;307.2;36.7;3161.853119;134.6;29.9
1208;46;70;37.7;444;311;38.8;3393.208225;122.6;31.4
1209;46;71;39.5;453;319.7;40.5;3668.792984;124.4;34.1
1210;46;72;40;460;327.4;41.8;3778.800069;138;36.1
1211;46;73;39.8;464;333.2;44.4;4167.794194;146.8;36.9
1212;46;74;41.3;468;339;49.3;4485.340418;151.8;37.9
1213;46;75;41.8;473;346.8;53.8;4816.495766;155.5;40.8
1214;46;76;47.1;477;353.5;56.9;5304.156039;171.1;43.9
1215;46;77;47;483;360.3;60.6;5630.775013;169.4;45
1216;46;78;52.5;487;367;65.2;6338.449456;162.4;49.7
1217;46;79;54.8;493;373.8;72.6;6920.239502;160.9;53.2
1218;46;80;58.9;511;390.2;82.4;7519.040954;161.6;55.3
1219;46;81;61;516;395.1;90.9;8392.293071;163.8;58.4
1220;46;82;66.8;516;396;96.5;9596.700536;162.3;67
1221;46;83;77;525;404.7;99.6;9335.858994;153.8;74.7
1222;46;84;90.6;530;407.6;103.9;10134.26093;144.3;90.5
1223;46;85;95.5;535;413.4;107.6;10719.45326;144.5;89.2
1224;46;86;104.9;541;419.2;109.6;11288.76827;131.2;100
1225;46;87;113.8;548;425;113.6;12070.1588;128.3;102
1226;46;88;123.7;557;433;118.3;13126;128.7;113.5
1227;46;89;129.7;567;441;124;13945;120.9;125.9
1228;46;90;143.7;572.1;445;130.7;14896;124.3;135.9
1229;46;91;150.1;576.1;447;136.2;15121;120.9;153.9
1230;46;92;168;579.2;452.1;140.3;16640;126.5;164.4
1231;47;63;24.7;4288;2899.7;30.6;1936.033115;122.8;23.4
1232;47;64;25.2;4371;2962.3;31;2134.439961;118.5;23.9
1233;47;65;25.1;4420;3001.8;31.5;2267.059274;123.3;24.1
1234;47;66;24.7;4481;3056.7;32.4;2404.899819;120.2;24.1
1235;47;67;26.3;4541;3119.3;33.4;2580.333241;120.9;25
1236;47;68;27.1;4604;3182;34.8;2794.403785;122.8;26.3
1237;47;69;28.3;4669;3251.3;36.7;3024.138027;123.9;27
1238;47;70;28.8;4648;3292.8;38.8;3284.15542;124.3;28.3
1239;47;71;30.2;4736;3383.3;40.5;3562.96925;128.4;30.1
1240;47;72;29.9;4799;3456.5;41.8;3840.738834;137;30.6
1241;47;73;30.1;4865;3538.4;44.4;4290.8091;143.1;30.6
1242;47;74;31.3;4924;3616.4;49.3;4677.180326;149.6;31.5
1243;47;75;33.6;4989;3701.2;53.8;5154.401002;152.7;33.3
1244;47;76;37.9;5052;3784.1;56.9;5570.011131;158.1;36
1245;47;77;38.4;5112;3865;60.6;6093.178656;157.7;36.9
1246;47;78;42.8;5177;3566.3;65.2;6684.222207;155.9;41.4
1247;47;79;45.8;5197;3993.1;72.6;7396.398358;151.8;43.4
1248;47;80;48.5;5346;4100;82.4;8230.751357;148.9;46.3
1249;47;81;51.8;5430;4187.7;90.9;9028.555726;149.9;49.4
1250;47;82;56.4;5491;4247.4;96.5;9754.307082;147.4;56.3
1251;47;83;68.8;5550;4310.1;99.6;10561.50967;144.7;66.4
1252;47;84;76;5636;4391;103.9;11529.52623;136.8;75.4
1253;47;85;83.6;5701;4453.6;107.6;12246.92361;134.6;79.3
1254;47;86;91.3;5795;4540.3;109.6;13127.22346;135.8;85.4
1255;47;87;94.6;5904;4627;113.6;13942.78002;133;90.5
1256;47;88;102.1;6015;4725;118.3;15010;129.5;94.4
1257;47;89;109.4;6098;4782;124;15936;122.5;103.8
1258;47;90;128.6;6164.8;4834.4;130.7;16698;118.9;115.6
1259;47;91;136.5;6263.4;4898.2;136.2;17038;109.1;120.5
1260;47;92;157.9;6354.1;4965.1;140.3;18010;108.2;135.8
1261;48;63;30.1;2961;2030.7;30.6;2409.332682;99.1;28
1262;48;64;29.9;2971;2045.2;31;2569.193618;95.4;29.4
1263;48;65;30;2973;2057.8;31.5;2764.348528;98.3;29.1
1264;48;66;34.7;3074;2140;32.4;3003.101874;86.9;29.8
1265;48;67;35;3208;2250.3;33.4;3143.239708;99.7;30.1
1266;48;68;37.1;3296;2333.5;34.8;3363.30801;101.5;32
1267;48;69;37.6;3402;2421.5;36.7;3529.397294;100.2;31.9
1268;48;70;38.7;3409;2438;38.8;3664.344838;96.7;33.8
1269;48;71;40.3;3433;2477.6;40.5;3829.396064;97;33.6
1270;48;72;46.1;3423;2489.2;41.8;4072.301642;88.5;33.7
1271;48;73;45.9;3443;2528.9;44.4;4593.406772;91;36.3
1272;48;74;46.9;3503;2597.6;49.3;5079.217929;98.6;38
1273;48;75;49;3563;2667.3;53.8;5631.4648;99.5;40.3
1274;48;76;53;3623;2735;56.9;6166.064684;100.3;42.5
1275;48;77;53.7;3693;2806.6;60.6;6674.713118;99.3;45.6
1276;48;78;58.6;3793;2899.4;65.2;7521.768468;101.3;51.5
1277;48;79;61.6;3926;3014.6;72.6;8311.730627;101.4;55.4
1278;48;80;63.8;4132;3165.5;82.4;9105.845019;101.4;56.4
1279;48;81;66.6;4217;3233.2;90.9;9940.443673;112.7;59.2
1280;48;82;80.3;4245;3252.6;96.5;10492.69054;106.6;67.6
1281;48;83;93.1;4300;3299;99.6;11018.98596;102.4;76.5
1282;48;84;105.9;4349;3345.4;103.9;11805.83395;96.2;88.5
1283;48;85;114.4;4406;3394.8;107.6;12336.2816;96.5;97.6
1284;48;86;125.7;4463;3450.9;109.6;12946.65972;94.2;99.9
1285;48;87;134.2;4538;3507;113.6;13522.78193;91.3;107.1
1286;48;88;141.4;4648;3591;118.3;14347;88.2;121.9
1287;48;89;150.6;4761;3669;124;15438;86.1;133.6
1288;48;90;167.5;4882.4;3762.5;130.7;16252;83.4;141.3
1289;48;91;177.4;5033.9;3866.5;136.2;16967;78.7;144.4
1290;48;92;199.2;5152.2;3950.2;140.3;18038;81.1;167.2
1291;49;63;27.7;1815;1247;30.6;1598.063281;111.8;24.1
1292;49;64;28;1823;1260.4;31;1721.531738;109;25
1293;49;65;28.2;1815;1264.3;31.5;1855.038281;110.5;24.5
1294;49;66;28.4;1815;1275.8;32.4;1962.445801;111.2;24.7
1295;49;67;29.5;1807;1280.6;33.4;2097.959961;113.6;25
1296;49;68;31.3;1819;1301.8;34.8;2202.356055;119.8;26.3
1297;49;69;32.1;1819;1310.4;36.7;2358.950195;112.1;27
1298;49;70;33.7;1744;1255.6;38.8;2659.088965;114.5;28.3
1299;49;71;41.6;1761;1277.7;40.5;2868.884961;111.5;30.1
1300;49;72;41.3;1781;1300.8;41.8;3118.833301;117.5;29.9
1301;49;73;39.9;1782;1310.4;44.4;3424.994922;116.6;30.1
1302;49;74;42;1784;1320;49.3;3815.476465;119.9;31.3
1303;49;75;45.2;1803;1340.2;53.8;4251.129395;123.2;33.3
1304;49;76;48.4;1833;1369.1;56.9;4646.629981;129.7;36
1305;49;77;48.9;1853;1389.2;60.6;5074.252441;133.9;36.9
1306;49;78;53.9;1861;1399.8;65.2;5525.966309;131.6;41.4
1307;49;79;62.4;1878;1416.2;72.6;6080.068652;122.1;43.4
1308;49;80;64.3;1950;1467.1;82.4;6593.014844;122.3;46.3
1309;49;81;66.2;1952;1471.9;90.9;7108.972461;120.5;49.4
1310;49;82;75.1;1948;1473.8;96.5;7632.960547;119.8;56.3
1311;49;83;88.2;1965;1490.2;99.6;7830.71084;115.7;66.4
1312;49;84;97.2;1952;1487.3;103.9;8338.637988;111.9;75.4
1313;49;85;103.2;1936;1484.4;107.6;8780.31377;109.1;79.3
1314;49;86;104.1;1917;1477.7;109.6;9173.806738;112.1;85.4
1315;49;87;112.8;1897;1470;113.6;9599.421582;107.5;90.5
1316;49;88;122.2;1876;1460;118.3;10279;109.1;94.4
1317;49;89;131.2;1857;1452;124;10901;104;103.8
1318;49;90;142.9;1842.6;1440.8;130.7;11946;104.1;115.6
1319;49;91;144.1;1850.8;1454.1;136.2;12381;100.1;120.5
1320;49;92;158.2;1862.1;1465.4;140.3;13526;98;135.8
1321;50;63;27.6;4059;2702.5;30.6;2146.287879;110.4;25.4
1322;50;64;29.5;4100;2735.1;31;2307.521212;106.2;25.6
1323;50;65;29.8;4140;2773.5;31.5;2456.190909;109.4;26.2
1324;50;66;32.1;4178;2812.8;32.4;2633.128788;106.3;30
1325;50;67;32.8;4194;2841.6;33.4;2726.309091;108.3;30.1
1326;50;68;33.6;4211;2878;34.8;2939.890909;111.4;32.7
1327;50;69;33.6;4233;2898.1;36.7;3109.5;111.5;32.8
1328;50;70;38.5;4417;3059.2;38.8;3339.833333;106.4;37.7
1329;50;71;40.2;4466;3129.2;40.5;3582.730303;105.4;38.5
1330;50;72;40.3;4510;3197.2;41.8;3814.110606;108.8;41.9
1331;50;73;42.6;4537;3253.8;44.4;4269.542424;109.5;41
1332;50;74;43.9;4563;3310.4;49.3;4634.934849;111.8;41.9
1333;50;75;46.6;4601;3377.5;53.8;5039.065152;113.5;45.2
1334;50;76;51.3;4623;3430.2;56.9;5487.168182;115.4;47.8
1335;50;77;52.1;4658;3489.6;60.6;6063.001515;117.2;49.4
1336;50;78;57.1;4683;3537.6;65.2;6728.874242;116.7;54.6
1337;50;79;58.7;4720;3590.3;72.6;7622.986364;117.1;56.4
1338;50;80;61.2;4705;3551;82.4;8173.692424;117.6;58.8
1339;50;81;64.9;4742;3592.2;90.9;8663.674242;119.9;61.4
1340;50;82;75;4765;3617.1;96.5;9196.581818;115.6;69.6
1341;50;83;92;4751;3616.2;99.6;9815.340909;106.3;80.8
1342;50;84;100.8;4766;3639.2;103.9;10641.4;105.6;89.6
1343;50;85;106.8;4775;3657.4;107.6;11228.75;107;96.7
1344;50;86;110.8;4783;3670.8;109.6;11763.75152;105.4;104.8
1345;50;87;116.3;4807;3690;113.6;12336.44394;106;116.2
1346;50;88;128.6;4855;3728;118.3;13129;102.6;124.1
1347;50;89;138.3;4867;3745;124;13933;100.3;132.7
1348;50;90;151.1;4902.1;3772;130.7;14958;94.1;147.3
1349;50;91;158.6;4965.2;3817.4;136.2;15438;95.5;154.4
1350;50;92;176.5;5017.3;3853.8;140.3;16351;96.2;178.5
1351;51;63;26.2;335;221.9;30.6;2212.868797;125.6;24.9
1352;51;64;26.2;338;224.8;31;2323.408928;134;27.5
1353;51;65;26.1;330;220;31.5;2468.040875;137.6;27.6
1354;51;66;26.5;320;215.2;32.4;2593.044201;133.3;29.6
1355;51;67;27.4;319;216.1;33.4;2775.900306;137.4;30.1
1356;51;68;32.5;322;221.9;34.8;2921.565339;136.5;32
1357;51;69;32.6;320;228.7;36.7;3066.197287;135.7;31.9
1358;51;70;34.1;332;231.6;38.8;3269.715099;132.2;33.8
1359;51;71;34.4;339;240.3;40.5;3514.556324;131.7;33.6
1360;51;72;34.4;345;247;41.8;3975.312385;140;33.7
1361;51;73;34.4;351;253.8;44.4;4505.285164;141.2;36.3
1362;51;74;35.8;362;263.4;49.3;4980.50442;145.8;37.8
1363;51;75;38.6;377;276;53.8;5455.723676;160.7;40.3
1364;51;76;42.6;392;288.5;56.9;5985.696455;161.5;42.5
1365;51;77;43.4;407;300.1;60.6;6640.67256;160.4;44.7
1366;51;78;49.8;425;314.5;65.2;7609.706608;160.3;49.5
1367;51;79;51.7;450;332.9;72.6;8482.66372;168.6;53.7
1368;51;80;55.3;470;343.5;82.4;9402.109672;158.1;56.4
1369;51;81;55.9;492;358;90.9;10046.75492;163.1;59.2
1370;51;82;64.3;502;364.7;96.5;10180.02293;157.7;65.7
1371;51;83;71;514;371.5;99.6;9855.634136;141.2;76.5
1372;51;84;81.7;511;370.5;103.9;10382.50766;128.9;88.5
1373;51;85;87.4;510;369.5;107.6;10839.13138;125.7;92.3
1374;51;86;97.8;507;368.6;109.6;11089.13803;124.8;99.9
1375;51;87;102.7;490;357;113.6;11113.93208;110.4;106.2
1376;51;88;112.9;479;353;118.3;11803;114.3;115.3
1377;51;89;118.6;475;352;124;12399;111.4;123
1378;51;90;129.5;470.9;348.9;130.7;13871;96.9;138.9
1379;51;91;127;477.1;355.2;136.2;14675;109.1;143.6
1380;51;92;155.1;483.3;360.5;140.3;15607;110.8;160
